0 verbose cli /usr/local/bin/node /usr/src/node-red/node_modules/npm/bin/npm-cli.js
1 info using npm@10.9.8
2 info using node@v20.20.2
3 silly config load:file:/usr/src/node-red/node_modules/npm/npmrc
4 silly config load:file:/data/.npmrc
5 silly config load:file:/usr/src/node-red/.npmrc
6 silly config load:file:/usr/local/etc/npmrc
7 verbose title npm install node-red-contrib-telegrambot@17.4.12
8 verbose argv "install" "--no-audit" "--no-update-notifier" "--no-fund" "--save" "--save-prefix" "~" "--omit" "dev" "--engine-strict" "--" "node-red-contrib-telegrambot@17.4.12"
9 verbose logfile logs-max:10 dir:/data/.npm/_logs/2026-05-31T22_21_06_916Z-
10 verbose logfile /data/.npm/_logs/2026-05-31T22_21_06_916Z-debug-0.log
11 silly logfile done cleaning log files
12 silly packumentCache heap:2197815296 maxSize:549453824 maxEntrySize:274726912
13 silly idealTree buildDeps
14 silly fetch manifest node-red-contrib-telegrambot@17.4.12
15 silly packumentCache full:https://registry.npmjs.org/node-red-contrib-telegrambot cache-miss
16 verbose shrinkwrap failed to load node_modules/.package-lock.json out of date, updated: node_modules
17 http fetch GET 200 https://registry.npmjs.org/node-red-contrib-telegrambot 685ms (cache miss)
18 silly packumentCache full:https://registry.npmjs.org/node-red-contrib-telegrambot set size:undefined disposed:false
19 silly placeDep ROOT node-red-contrib-telegrambot@17.4.12 OK for: node-red-project@0.0.1 want: 17.4.12
20 silly fetch manifest bluebird@^3.7.2
21 silly packumentCache full:https://registry.npmjs.org/bluebird cache-miss
22 silly fetch manifest node-telegram-bot-api@^0.66.0
23 silly packumentCache full:https://registry.npmjs.org/node-telegram-bot-api cache-miss
24 silly fetch manifest socks-proxy-agent@^8.0.3
25 silly packumentCache full:https://registry.npmjs.org/socks-proxy-agent cache-miss
26 http fetch GET 200 https://registry.npmjs.org/bluebird 110ms (cache miss)
27 silly packumentCache full:https://registry.npmjs.org/bluebird set size:undefined disposed:false
28 http fetch GET 200 https://registry.npmjs.org/socks-proxy-agent 305ms (cache miss)
29 silly packumentCache full:https://registry.npmjs.org/socks-proxy-agent set size:undefined disposed:false
30 http fetch GET 200 https://registry.npmjs.org/node-telegram-bot-api 378ms (cache miss)
31 silly packumentCache full:https://registry.npmjs.org/node-telegram-bot-api set size:undefined disposed:false
32 silly placeDep ROOT bluebird@3.7.2 OK for: node-red-contrib-telegrambot@17.4.12 want: ^3.7.2
33 silly placeDep ROOT node-telegram-bot-api@0.66.0 OK for: node-red-contrib-telegrambot@17.4.12 want: ^0.66.0
34 silly placeDep ROOT socks-proxy-agent@8.0.5 OK for: node-red-contrib-telegrambot@17.4.12 want: ^8.0.3
35 silly fetch manifest bl@^1.2.3
36 silly packumentCache full:https://registry.npmjs.org/bl cache-miss
37 silly fetch manifest pump@^2.0.0
38 silly packumentCache full:https://registry.npmjs.org/pump cache-miss
39 silly fetch manifest debug@^3.2.7
40 silly packumentCache full:https://registry.npmjs.org/debug cache-miss
41 http fetch GET 200 https://registry.npmjs.org/debug 105ms (cache revalidated)
42 silly packumentCache full:https://registry.npmjs.org/debug set size:195840 disposed:false
43 silly fetch manifest file-type@^3.9.0
44 silly packumentCache full:https://registry.npmjs.org/file-type cache-miss
45 http fetch GET 200 https://registry.npmjs.org/pump 123ms (cache miss)
46 silly packumentCache full:https://registry.npmjs.org/pump set size:undefined disposed:false
47 silly fetch manifest eventemitter3@^3.0.0
48 silly packumentCache full:https://registry.npmjs.org/eventemitter3 cache-miss
49 http fetch GET 200 https://registry.npmjs.org/bl 136ms (cache miss)
50 silly packumentCache full:https://registry.npmjs.org/bl set size:undefined disposed:false
51 silly fetch manifest @cypress/request@^3.0.1
52 silly packumentCache full:https://registry.npmjs.org/@cypress%2frequest cache-miss
53 http fetch GET 200 https://registry.npmjs.org/eventemitter3 110ms (cache miss)
54 silly packumentCache full:https://registry.npmjs.org/eventemitter3 set size:undefined disposed:false
55 silly fetch manifest @cypress/request-promise@^5.0.0
56 silly packumentCache full:https://registry.npmjs.org/@cypress%2frequest-promise cache-miss
57 http fetch GET 200 https://registry.npmjs.org/@cypress%2frequest 134ms (cache miss)
58 silly packumentCache full:https://registry.npmjs.org/@cypress%2frequest set size:undefined disposed:false
59 silly fetch manifest array.prototype.findindex@^2.0.2
60 silly packumentCache full:https://registry.npmjs.org/array.prototype.findindex cache-miss
61 http fetch GET 200 https://registry.npmjs.org/file-type 208ms (cache miss)
62 silly packumentCache full:https://registry.npmjs.org/file-type set size:undefined disposed:false
63 silly fetch manifest debug@^4.3.4
64 silly packumentCache full:https://registry.npmjs.org/debug cache-hit
65 silly fetch manifest socks@^2.8.3
66 silly packumentCache full:https://registry.npmjs.org/socks cache-miss
67 http fetch GET 200 https://registry.npmjs.org/array.prototype.findindex 151ms (cache miss)
68 silly packumentCache full:https://registry.npmjs.org/array.prototype.findindex set size:undefined disposed:false
69 silly fetch manifest agent-base@^7.1.2
70 silly packumentCache full:https://registry.npmjs.org/agent-base cache-miss
71 http fetch GET 200 https://registry.npmjs.org/socks 99ms (cache miss)
72 silly packumentCache full:https://registry.npmjs.org/socks set size:undefined disposed:false
73 http fetch GET 200 https://registry.npmjs.org/@cypress%2frequest-promise 216ms (cache miss)
74 silly packumentCache full:https://registry.npmjs.org/@cypress%2frequest-promise set size:undefined disposed:false
75 http fetch GET 200 https://registry.npmjs.org/agent-base 86ms (cache miss)
76 silly packumentCache full:https://registry.npmjs.org/agent-base set size:undefined disposed:false
77 silly placeDep ROOT @cypress/request@3.0.10 OK for: node-telegram-bot-api@0.66.0 want: ^3.0.1
78 silly placeDep ROOT @cypress/request-promise@5.0.0 OK for: node-telegram-bot-api@0.66.0 want: ^5.0.0
79 silly placeDep ROOT array.prototype.findindex@2.2.4 OK for: node-telegram-bot-api@0.66.0 want: ^2.0.2
80 silly placeDep ROOT bl@1.2.3 OK for: node-telegram-bot-api@0.66.0 want: ^1.2.3
81 silly placeDep node_modules/node-telegram-bot-api debug@3.2.7 OK for: node-telegram-bot-api@0.66.0 want: ^3.2.7
82 silly placeDep ROOT eventemitter3@3.1.2 OK for: node-telegram-bot-api@0.66.0 want: ^3.0.0
83 silly placeDep ROOT file-type@3.9.0 OK for: node-telegram-bot-api@0.66.0 want: ^3.9.0
84 silly placeDep ROOT pump@2.0.1 OK for: node-telegram-bot-api@0.66.0 want: ^2.0.0
85 silly fetch manifest qs@~6.14.1
86 silly packumentCache full:https://registry.npmjs.org/qs cache-miss
87 silly fetch manifest aws4@^1.8.0
88 silly packumentCache full:https://registry.npmjs.org/aws4 cache-miss
89 silly fetch manifest uuid@^8.3.2
90 silly packumentCache full:https://registry.npmjs.org/uuid cache-miss
91 http fetch GET 200 https://registry.npmjs.org/aws4 91ms (cache miss)
92 silly packumentCache full:https://registry.npmjs.org/aws4 set size:undefined disposed:false
93 silly fetch manifest extend@~3.0.2
94 silly packumentCache full:https://registry.npmjs.org/extend cache-miss
95 http fetch GET 200 https://registry.npmjs.org/uuid 111ms (cache miss)
96 silly packumentCache full:https://registry.npmjs.org/uuid set size:undefined disposed:false
97 silly fetch manifest caseless@~0.12.0
98 silly packumentCache full:https://registry.npmjs.org/caseless cache-miss
99 http fetch GET 200 https://registry.npmjs.org/qs 126ms (cache miss)
100 silly packumentCache full:https://registry.npmjs.org/qs set size:undefined disposed:false
101 silly fetch manifest isstream@~0.1.2
102 silly packumentCache full:https://registry.npmjs.org/isstream cache-miss
103 http fetch GET 200 https://registry.npmjs.org/extend 79ms (cache miss)
104 silly packumentCache full:https://registry.npmjs.org/extend set size:undefined disposed:false
105 silly fetch manifest aws-sign2@~0.7.0
106 silly packumentCache full:https://registry.npmjs.org/aws-sign2 cache-miss
107 http fetch GET 200 https://registry.npmjs.org/caseless 83ms (cache miss)
108 silly packumentCache full:https://registry.npmjs.org/caseless set size:undefined disposed:false
109 silly fetch manifest form-data@~4.0.4
110 silly packumentCache full:https://registry.npmjs.org/form-data cache-miss
111 http fetch GET 200 https://registry.npmjs.org/isstream 87ms (cache miss)
112 silly packumentCache full:https://registry.npmjs.org/isstream set size:undefined disposed:false
113 silly fetch manifest tough-cookie@^5.0.0
114 silly packumentCache full:https://registry.npmjs.org/tough-cookie cache-miss
115 http fetch GET 200 https://registry.npmjs.org/aws-sign2 79ms (cache miss)
116 silly packumentCache full:https://registry.npmjs.org/aws-sign2 set size:undefined disposed:false
117 silly fetch manifest tunnel-agent@^0.6.0
118 silly packumentCache full:https://registry.npmjs.org/tunnel-agent cache-miss
119 http fetch GET 200 https://registry.npmjs.org/form-data 107ms (cache miss)
120 silly packumentCache full:https://registry.npmjs.org/form-data set size:undefined disposed:false
121 silly fetch manifest forever-agent@~0.6.1
122 silly packumentCache full:https://registry.npmjs.org/forever-agent cache-miss
123 http fetch GET 200 https://registry.npmjs.org/tough-cookie 111ms (cache miss)
124 silly packumentCache full:https://registry.npmjs.org/tough-cookie set size:undefined disposed:false
125 silly fetch manifest is-typedarray@~1.0.0
126 silly packumentCache full:https://registry.npmjs.org/is-typedarray cache-miss
127 http fetch GET 200 https://registry.npmjs.org/tunnel-agent 97ms (cache miss)
128 silly packumentCache full:https://registry.npmjs.org/tunnel-agent set size:undefined disposed:false
129 silly fetch manifest http-signature@~1.4.0
130 silly packumentCache full:https://registry.npmjs.org/http-signature cache-miss
131 http fetch GET 200 https://registry.npmjs.org/forever-agent 84ms (cache miss)
132 silly packumentCache full:https://registry.npmjs.org/forever-agent set size:undefined disposed:false
133 silly fetch manifest combined-stream@~1.0.6
134 silly packumentCache full:https://registry.npmjs.org/combined-stream cache-miss
135 http fetch GET 200 https://registry.npmjs.org/is-typedarray 83ms (cache miss)
136 silly packumentCache full:https://registry.npmjs.org/is-typedarray set size:undefined disposed:false
137 silly fetch manifest performance-now@^2.1.0
138 silly packumentCache full:https://registry.npmjs.org/performance-now cache-miss
139 http fetch GET 200 https://registry.npmjs.org/http-signature 87ms (cache miss)
140 silly packumentCache full:https://registry.npmjs.org/http-signature set size:undefined disposed:false
141 silly fetch manifest json-stringify-safe@~5.0.1
142 silly packumentCache full:https://registry.npmjs.org/json-stringify-safe cache-miss
143 http fetch GET 200 https://registry.npmjs.org/combined-stream 77ms (cache miss)
144 silly packumentCache full:https://registry.npmjs.org/combined-stream set size:undefined disposed:false
145 silly fetch manifest request-promise-core@1.1.3
146 silly packumentCache full:https://registry.npmjs.org/request-promise-core cache-miss
147 http fetch GET 200 https://registry.npmjs.org/performance-now 81ms (cache miss)
148 silly packumentCache full:https://registry.npmjs.org/performance-now set size:undefined disposed:false
149 silly fetch manifest stealthy-require@^1.1.1
150 silly packumentCache full:https://registry.npmjs.org/stealthy-require cache-miss
151 http fetch GET 200 https://registry.npmjs.org/json-stringify-safe 86ms (cache miss)
152 silly packumentCache full:https://registry.npmjs.org/json-stringify-safe set size:undefined disposed:false
153 silly fetch manifest tough-cookie@^4.1.3
154 silly packumentCache full:https://registry.npmjs.org/tough-cookie cache-miss
155 http cache https://registry.npmjs.org/tough-cookie 4ms (cache hit)
156 silly packumentCache full:https://registry.npmjs.org/tough-cookie set size:149007 disposed:false
157 silly fetch manifest call-bind@^1.0.8
158 silly packumentCache full:https://registry.npmjs.org/call-bind cache-miss
159 http fetch GET 200 https://registry.npmjs.org/request-promise-core 83ms (cache miss)
160 silly packumentCache full:https://registry.npmjs.org/request-promise-core set size:undefined disposed:false
161 silly fetch manifest call-bound@^1.0.3
162 silly packumentCache full:https://registry.npmjs.org/call-bound cache-miss
163 http fetch GET 200 https://registry.npmjs.org/stealthy-require 80ms (cache miss)
164 silly packumentCache full:https://registry.npmjs.org/stealthy-require set size:undefined disposed:false
165 silly fetch manifest define-properties@^1.2.1
166 silly packumentCache full:https://registry.npmjs.org/define-properties cache-miss
167 http fetch GET 200 https://registry.npmjs.org/call-bind 82ms (cache miss)
168 silly packumentCache full:https://registry.npmjs.org/call-bind set size:undefined disposed:false
169 silly fetch manifest es-abstract@^1.23.6
170 silly packumentCache full:https://registry.npmjs.org/es-abstract cache-miss
171 http fetch GET 200 https://registry.npmjs.org/call-bound 82ms (cache miss)
172 silly packumentCache full:https://registry.npmjs.org/call-bound set size:undefined disposed:false
173 silly fetch manifest es-object-atoms@^1.0.0
174 silly packumentCache full:https://registry.npmjs.org/es-object-atoms cache-miss
175 http fetch GET 200 https://registry.npmjs.org/define-properties 83ms (cache miss)
176 silly packumentCache full:https://registry.npmjs.org/define-properties set size:undefined disposed:false
177 silly fetch manifest es-shim-unscopables@^1.0.2
178 silly packumentCache full:https://registry.npmjs.org/es-shim-unscopables cache-miss
179 http fetch GET 200 https://registry.npmjs.org/es-object-atoms 91ms (cache miss)
180 silly packumentCache full:https://registry.npmjs.org/es-object-atoms set size:undefined disposed:false
181 silly fetch manifest readable-stream@^2.3.5
182 silly packumentCache full:https://registry.npmjs.org/readable-stream cache-miss
183 http fetch GET 200 https://registry.npmjs.org/es-shim-unscopables 93ms (cache miss)
184 silly packumentCache full:https://registry.npmjs.org/es-shim-unscopables set size:undefined disposed:false
185 silly fetch manifest ms@^2.1.1
186 silly packumentCache full:https://registry.npmjs.org/ms cache-miss
187 http fetch GET 200 https://registry.npmjs.org/es-abstract 138ms (cache miss)
188 silly packumentCache full:https://registry.npmjs.org/es-abstract set size:undefined disposed:false
189 silly fetch manifest once@^1.3.1
190 silly packumentCache full:https://registry.npmjs.org/once cache-miss
191 http fetch GET 200 https://registry.npmjs.org/readable-stream 98ms (cache miss)
192 silly packumentCache full:https://registry.npmjs.org/readable-stream set size:undefined disposed:false
193 silly fetch manifest end-of-stream@^1.1.0
194 silly packumentCache full:https://registry.npmjs.org/end-of-stream cache-miss
195 http fetch GET 200 https://registry.npmjs.org/ms 109ms (cache revalidated)
196 silly packumentCache full:https://registry.npmjs.org/ms set size:92208 disposed:false
197 http fetch GET 200 https://registry.npmjs.org/once 97ms (cache miss)
198 silly packumentCache full:https://registry.npmjs.org/once set size:undefined disposed:false
199 http fetch GET 200 https://registry.npmjs.org/end-of-stream 92ms (cache miss)
200 silly packumentCache full:https://registry.npmjs.org/end-of-stream set size:undefined disposed:false
201 silly placeDep ROOT aws-sign2@0.7.0 OK for: @cypress/request@3.0.10 want: ~0.7.0
202 silly placeDep ROOT aws4@1.13.2 OK for: @cypress/request@3.0.10 want: ^1.8.0
203 silly placeDep ROOT caseless@0.12.0 OK for: @cypress/request@3.0.10 want: ~0.12.0
204 silly placeDep ROOT combined-stream@1.0.8 OK for: @cypress/request@3.0.10 want: ~1.0.6
205 silly placeDep ROOT extend@3.0.2 OK for: @cypress/request@3.0.10 want: ~3.0.2
206 silly placeDep ROOT forever-agent@0.6.1 OK for: @cypress/request@3.0.10 want: ~0.6.1
207 silly placeDep ROOT form-data@4.0.5 OK for: @cypress/request@3.0.10 want: ~4.0.4
208 silly placeDep ROOT http-signature@1.4.0 OK for: @cypress/request@3.0.10 want: ~1.4.0
209 silly placeDep ROOT is-typedarray@1.0.0 OK for: @cypress/request@3.0.10 want: ~1.0.0
210 silly placeDep ROOT isstream@0.1.2 OK for: @cypress/request@3.0.10 want: ~0.1.2
211 silly placeDep ROOT json-stringify-safe@5.0.1 OK for: @cypress/request@3.0.10 want: ~5.0.1
212 silly placeDep ROOT performance-now@2.1.0 OK for: @cypress/request@3.0.10 want: ^2.1.0
213 silly placeDep ROOT qs@6.14.2 OK for: @cypress/request@3.0.10 want: ~6.14.1
214 silly placeDep ROOT tough-cookie@5.1.2 OK for: @cypress/request@3.0.10 want: ^5.0.0
215 silly placeDep ROOT tunnel-agent@0.6.0 OK for: @cypress/request@3.0.10 want: ^0.6.0
216 silly placeDep ROOT uuid@8.3.2 OK for: @cypress/request@3.0.10 want: ^8.3.2
217 silly fetch manifest delayed-stream@~1.0.0
218 silly packumentCache full:https://registry.npmjs.org/delayed-stream cache-miss
219 silly fetch manifest asynckit@^0.4.0
220 silly packumentCache full:https://registry.npmjs.org/asynckit cache-miss
221 silly fetch manifest es-set-tostringtag@^2.1.0
222 silly packumentCache full:https://registry.npmjs.org/es-set-tostringtag cache-miss
223 http fetch GET 200 https://registry.npmjs.org/delayed-stream 92ms (cache miss)
224 silly packumentCache full:https://registry.npmjs.org/delayed-stream set size:undefined disposed:false
225 silly fetch manifest hasown@^2.0.2
226 silly packumentCache full:https://registry.npmjs.org/hasown cache-miss
227 http fetch GET 200 https://registry.npmjs.org/es-set-tostringtag 92ms (cache miss)
228 silly packumentCache full:https://registry.npmjs.org/es-set-tostringtag set size:undefined disposed:false
229 silly fetch manifest sshpk@^1.18.0
230 silly packumentCache full:https://registry.npmjs.org/sshpk cache-miss
231 http fetch GET 200 https://registry.npmjs.org/asynckit 101ms (cache miss)
232 silly packumentCache full:https://registry.npmjs.org/asynckit set size:undefined disposed:false
233 silly fetch manifest jsprim@^2.0.2
234 silly packumentCache full:https://registry.npmjs.org/jsprim cache-miss
235 http fetch GET 200 https://registry.npmjs.org/hasown 78ms (cache miss)
236 silly packumentCache full:https://registry.npmjs.org/hasown set size:undefined disposed:false
237 silly fetch manifest assert-plus@^1.0.0
238 silly packumentCache full:https://registry.npmjs.org/assert-plus cache-miss
239 http fetch GET 200 https://registry.npmjs.org/sshpk 94ms (cache miss)
240 silly packumentCache full:https://registry.npmjs.org/sshpk set size:undefined disposed:false
241 silly fetch manifest side-channel@^1.1.0
242 silly packumentCache full:https://registry.npmjs.org/side-channel cache-miss
243 http fetch GET 200 https://registry.npmjs.org/jsprim 98ms (cache miss)
244 silly packumentCache full:https://registry.npmjs.org/jsprim set size:undefined disposed:false
245 silly fetch manifest tldts@^6.1.32
246 silly packumentCache full:https://registry.npmjs.org/tldts cache-miss
247 http fetch GET 200 https://registry.npmjs.org/assert-plus 84ms (cache miss)
248 silly packumentCache full:https://registry.npmjs.org/assert-plus set size:undefined disposed:false
249 http fetch GET 200 https://registry.npmjs.org/side-channel 77ms (cache miss)
250 silly packumentCache full:https://registry.npmjs.org/side-channel set size:undefined disposed:false
251 http fetch GET 200 https://registry.npmjs.org/tldts 255ms (cache miss)
252 silly packumentCache full:https://registry.npmjs.org/tldts set size:undefined disposed:false
253 silly fetch manifest request@^2.34
254 silly packumentCache full:https://registry.npmjs.org/request cache-miss
255 http fetch GET 200 https://registry.npmjs.org/request 125ms (cache miss)
256 silly packumentCache full:https://registry.npmjs.org/request set size:undefined disposed:false
257 silly placeDep ROOT request-promise-core@1.1.3 OK for: @cypress/request-promise@5.0.0 want: 1.1.3
258 silly placeDep ROOT request@2.88.2 OK for: request-promise-core@1.1.3 want: ^2.34
259 silly placeDep ROOT stealthy-require@1.1.1 OK for: @cypress/request-promise@5.0.0 want: ^1.1.1
260 silly placeDep node_modules/@cypress/request-promise tough-cookie@4.1.4 OK for: @cypress/request-promise@5.0.0 want: ^4.1.3
261 silly fetch manifest lodash@^4.17.15
262 silly packumentCache full:https://registry.npmjs.org/lodash cache-miss
263 silly fetch manifest qs@~6.5.2
264 silly packumentCache full:https://registry.npmjs.org/qs cache-miss
265 silly fetch manifest uuid@^3.3.2
266 silly packumentCache full:https://registry.npmjs.org/uuid cache-miss
267 http cache https://registry.npmjs.org/qs 21ms (cache hit)
268 silly packumentCache full:https://registry.npmjs.org/qs set size:356906 disposed:false
269 silly fetch manifest form-data@~2.3.2
270 silly packumentCache full:https://registry.npmjs.org/form-data cache-miss
271 http cache https://registry.npmjs.org/uuid 32ms (cache hit)
272 silly packumentCache full:https://registry.npmjs.org/uuid set size:234700 disposed:false
273 silly fetch manifest oauth-sign@~0.9.0
274 silly packumentCache full:https://registry.npmjs.org/oauth-sign cache-miss
275 http cache https://registry.npmjs.org/form-data 26ms (cache hit)
276 silly packumentCache full:https://registry.npmjs.org/form-data set size:153646 disposed:false
277 silly fetch manifest tough-cookie@~2.5.0
278 silly packumentCache full:https://registry.npmjs.org/tough-cookie cache-hit
279 silly fetch manifest har-validator@~5.1.3
280 silly packumentCache full:https://registry.npmjs.org/har-validator cache-miss
281 http fetch GET 200 https://registry.npmjs.org/lodash 112ms (cache miss)
282 silly packumentCache full:https://registry.npmjs.org/lodash set size:undefined disposed:false
283 silly fetch manifest http-signature@~1.2.0
284 silly packumentCache full:https://registry.npmjs.org/http-signature cache-miss
285 http fetch GET 200 https://registry.npmjs.org/oauth-sign 80ms (cache miss)
286 silly packumentCache full:https://registry.npmjs.org/oauth-sign set size:undefined disposed:false
287 silly fetch manifest psl@^1.1.33
288 silly packumentCache full:https://registry.npmjs.org/psl cache-miss
289 http cache https://registry.npmjs.org/http-signature 9ms (cache hit)
290 silly packumentCache full:https://registry.npmjs.org/http-signature set size:58675 disposed:false
291 silly fetch manifest punycode@^2.1.1
292 silly packumentCache full:https://registry.npmjs.org/punycode cache-miss
293 http fetch GET 200 https://registry.npmjs.org/har-validator 85ms (cache miss)
294 silly packumentCache full:https://registry.npmjs.org/har-validator set size:undefined disposed:false
295 silly fetch manifest url-parse@^1.5.3
296 silly packumentCache full:https://registry.npmjs.org/url-parse cache-miss
297 http fetch GET 200 https://registry.npmjs.org/punycode 81ms (cache miss)
298 silly packumentCache full:https://registry.npmjs.org/punycode set size:undefined disposed:false
299 silly fetch manifest universalify@^0.2.0
300 silly packumentCache full:https://registry.npmjs.org/universalify cache-miss
301 http fetch GET 200 https://registry.npmjs.org/psl 98ms (cache miss)
302 silly packumentCache full:https://registry.npmjs.org/psl set size:undefined disposed:false
303 http fetch GET 200 https://registry.npmjs.org/url-parse 84ms (cache miss)
304 silly packumentCache full:https://registry.npmjs.org/url-parse set size:undefined disposed:false
305 http fetch GET 200 https://registry.npmjs.org/universalify 91ms (cache miss)
306 silly packumentCache full:https://registry.npmjs.org/universalify set size:undefined disposed:false
307 silly placeDep ROOT call-bind@1.0.9 OK for: array.prototype.findindex@2.2.4 want: ^1.0.8
308 silly placeDep ROOT call-bound@1.0.4 OK for: array.prototype.findindex@2.2.4 want: ^1.0.3
309 silly placeDep ROOT define-properties@1.2.1 OK for: array.prototype.findindex@2.2.4 want: ^1.2.1
310 silly placeDep ROOT es-abstract@1.24.2 OK for: array.prototype.findindex@2.2.4 want: ^1.23.6
311 silly placeDep ROOT es-object-atoms@1.1.2 OK for: array.prototype.findindex@2.2.4 want: ^1.0.0
312 silly placeDep ROOT es-shim-unscopables@1.1.0 OK for: array.prototype.findindex@2.2.4 want: ^1.0.2
313 silly fetch manifest call-bind-apply-helpers@^1.0.2
314 silly packumentCache full:https://registry.npmjs.org/call-bind-apply-helpers cache-miss
315 silly fetch manifest es-define-property@^1.0.1
316 silly packumentCache full:https://registry.npmjs.org/es-define-property cache-miss
317 silly fetch manifest get-intrinsic@^1.3.0
318 silly packumentCache full:https://registry.npmjs.org/get-intrinsic cache-miss
319 http fetch GET 200 https://registry.npmjs.org/es-define-property 87ms (cache miss)
320 silly packumentCache full:https://registry.npmjs.org/es-define-property set size:undefined disposed:false
321 silly fetch manifest set-function-length@^1.2.2
322 silly packumentCache full:https://registry.npmjs.org/set-function-length cache-miss
323 http fetch GET 200 https://registry.npmjs.org/call-bind-apply-helpers 92ms (cache miss)
324 silly packumentCache full:https://registry.npmjs.org/call-bind-apply-helpers set size:undefined disposed:false
325 silly fetch manifest get-intrinsic@^1.3.0
326 silly packumentCache full:https://registry.npmjs.org/get-intrinsic cache-miss
327 http fetch GET 200 https://registry.npmjs.org/get-intrinsic 114ms (cache miss)
328 silly packumentCache full:https://registry.npmjs.org/get-intrinsic set size:undefined disposed:false
329 silly fetch manifest define-data-property@^1.0.1
330 silly packumentCache full:https://registry.npmjs.org/define-data-property cache-miss
331 http fetch GET 200 https://registry.npmjs.org/set-function-length 81ms (cache miss)
332 silly packumentCache full:https://registry.npmjs.org/set-function-length set size:undefined disposed:false
333 silly fetch manifest has-property-descriptors@^1.0.0
334 silly packumentCache full:https://registry.npmjs.org/has-property-descriptors cache-miss
335 http fetch GET 200 https://registry.npmjs.org/get-intrinsic 104ms (cache miss)
336 silly packumentCache full:https://registry.npmjs.org/get-intrinsic set size:undefined disposed:false
337 silly fetch manifest object-keys@^1.1.1
338 silly packumentCache full:https://registry.npmjs.org/object-keys cache-miss
339 http fetch GET 200 https://registry.npmjs.org/define-data-property 98ms (cache miss)
340 silly packumentCache full:https://registry.npmjs.org/define-data-property set size:undefined disposed:false
341 silly fetch manifest array-buffer-byte-length@^1.0.2
342 silly packumentCache full:https://registry.npmjs.org/array-buffer-byte-length cache-miss
343 http fetch GET 200 https://registry.npmjs.org/has-property-descriptors 76ms (cache miss)
344 silly packumentCache full:https://registry.npmjs.org/has-property-descriptors set size:undefined disposed:false
345 silly fetch manifest arraybuffer.prototype.slice@^1.0.4
346 silly packumentCache full:https://registry.npmjs.org/arraybuffer.prototype.slice cache-miss
347 http fetch GET 200 https://registry.npmjs.org/object-keys 92ms (cache miss)
348 silly packumentCache full:https://registry.npmjs.org/object-keys set size:undefined disposed:false
349 silly fetch manifest available-typed-arrays@^1.0.7
350 silly packumentCache full:https://registry.npmjs.org/available-typed-arrays cache-miss
351 http fetch GET 200 https://registry.npmjs.org/array-buffer-byte-length 92ms (cache miss)
352 silly packumentCache full:https://registry.npmjs.org/array-buffer-byte-length set size:undefined disposed:false
353 silly fetch manifest data-view-buffer@^1.0.2
354 silly packumentCache full:https://registry.npmjs.org/data-view-buffer cache-miss
355 http fetch GET 200 https://registry.npmjs.org/arraybuffer.prototype.slice 87ms (cache miss)
356 silly packumentCache full:https://registry.npmjs.org/arraybuffer.prototype.slice set size:undefined disposed:false
357 silly fetch manifest data-view-byte-length@^1.0.2
358 silly packumentCache full:https://registry.npmjs.org/data-view-byte-length cache-miss
359 http fetch GET 200 https://registry.npmjs.org/available-typed-arrays 100ms (cache miss)
360 silly packumentCache full:https://registry.npmjs.org/available-typed-arrays set size:undefined disposed:false
361 silly fetch manifest data-view-byte-offset@^1.0.1
362 silly packumentCache full:https://registry.npmjs.org/data-view-byte-offset cache-miss
363 http fetch GET 200 https://registry.npmjs.org/data-view-buffer 92ms (cache miss)
364 silly packumentCache full:https://registry.npmjs.org/data-view-buffer set size:undefined disposed:false
365 silly fetch manifest es-errors@^1.3.0
366 silly packumentCache full:https://registry.npmjs.org/es-errors cache-miss
367 http fetch GET 200 https://registry.npmjs.org/data-view-byte-length 85ms (cache miss)
368 silly packumentCache full:https://registry.npmjs.org/data-view-byte-length set size:undefined disposed:false
369 silly fetch manifest es-object-atoms@^1.1.1
370 silly packumentCache full:https://registry.npmjs.org/es-object-atoms cache-miss
371 http cache https://registry.npmjs.org/es-object-atoms 12ms (cache hit)
372 silly packumentCache full:https://registry.npmjs.org/es-object-atoms set size:18278 disposed:false
373 silly fetch manifest es-to-primitive@^1.3.0
374 silly packumentCache full:https://registry.npmjs.org/es-to-primitive cache-miss
375 http fetch GET 200 https://registry.npmjs.org/data-view-byte-offset 80ms (cache miss)
376 silly packumentCache full:https://registry.npmjs.org/data-view-byte-offset set size:undefined disposed:false
377 silly fetch manifest function.prototype.name@^1.1.8
378 silly packumentCache full:https://registry.npmjs.org/function.prototype.name cache-miss
379 http fetch GET 200 https://registry.npmjs.org/es-errors 79ms (cache miss)
380 silly packumentCache full:https://registry.npmjs.org/es-errors set size:undefined disposed:false
381 silly fetch manifest get-proto@^1.0.1
382 silly packumentCache full:https://registry.npmjs.org/get-proto cache-miss
383 http fetch GET 200 https://registry.npmjs.org/es-to-primitive 79ms (cache miss)
384 silly packumentCache full:https://registry.npmjs.org/es-to-primitive set size:undefined disposed:false
385 silly fetch manifest get-symbol-description@^1.1.0
386 silly packumentCache full:https://registry.npmjs.org/get-symbol-description cache-miss
387 http fetch GET 200 https://registry.npmjs.org/get-proto 81ms (cache miss)
388 silly packumentCache full:https://registry.npmjs.org/get-proto set size:undefined disposed:false
389 silly fetch manifest globalthis@^1.0.4
390 silly packumentCache full:https://registry.npmjs.org/globalthis cache-miss
391 http fetch GET 200 https://registry.npmjs.org/function.prototype.name 86ms (cache miss)
392 silly packumentCache full:https://registry.npmjs.org/function.prototype.name set size:undefined disposed:false
393 silly fetch manifest gopd@^1.2.0
394 silly packumentCache full:https://registry.npmjs.org/gopd cache-miss
395 http fetch GET 200 https://registry.npmjs.org/get-symbol-description 74ms (cache miss)
396 silly packumentCache full:https://registry.npmjs.org/get-symbol-description set size:undefined disposed:false
397 silly fetch manifest has-property-descriptors@^1.0.2
398 silly packumentCache full:https://registry.npmjs.org/has-property-descriptors cache-miss
399 http cache https://registry.npmjs.org/has-property-descriptors 7ms (cache hit)
400 silly packumentCache full:https://registry.npmjs.org/has-property-descriptors set size:12452 disposed:false
401 silly fetch manifest has-proto@^1.2.0
402 silly packumentCache full:https://registry.npmjs.org/has-proto cache-miss
403 http fetch GET 200 https://registry.npmjs.org/gopd 82ms (cache miss)
404 silly packumentCache full:https://registry.npmjs.org/gopd set size:undefined disposed:false
405 silly fetch manifest has-symbols@^1.1.0
406 silly packumentCache full:https://registry.npmjs.org/has-symbols cache-miss
407 http fetch GET 200 https://registry.npmjs.org/globalthis 90ms (cache miss)
408 silly packumentCache full:https://registry.npmjs.org/globalthis set size:undefined disposed:false
409 silly fetch manifest internal-slot@^1.1.0
410 silly packumentCache full:https://registry.npmjs.org/internal-slot cache-miss
411 http fetch GET 200 https://registry.npmjs.org/has-proto 87ms (cache miss)
412 silly packumentCache full:https://registry.npmjs.org/has-proto set size:undefined disposed:false
413 silly fetch manifest is-array-buffer@^3.0.5
414 silly packumentCache full:https://registry.npmjs.org/is-array-buffer cache-miss
415 http fetch GET 200 https://registry.npmjs.org/has-symbols 76ms (cache miss)
416 silly packumentCache full:https://registry.npmjs.org/has-symbols set size:undefined disposed:false
417 silly fetch manifest is-callable@^1.2.7
418 silly packumentCache full:https://registry.npmjs.org/is-callable cache-miss
419 http fetch GET 200 https://registry.npmjs.org/internal-slot 90ms (cache miss)
420 silly packumentCache full:https://registry.npmjs.org/internal-slot set size:undefined disposed:false
421 silly fetch manifest is-data-view@^1.0.2
422 silly packumentCache full:https://registry.npmjs.org/is-data-view cache-miss
423 http fetch GET 200 https://registry.npmjs.org/is-array-buffer 80ms (cache miss)
424 silly packumentCache full:https://registry.npmjs.org/is-array-buffer set size:undefined disposed:false
425 silly fetch manifest is-negative-zero@^2.0.3
426 silly packumentCache full:https://registry.npmjs.org/is-negative-zero cache-miss
427 http fetch GET 200 https://registry.npmjs.org/is-callable 79ms (cache miss)
428 silly packumentCache full:https://registry.npmjs.org/is-callable set size:undefined disposed:false
429 silly fetch manifest is-regex@^1.2.1
430 silly packumentCache full:https://registry.npmjs.org/is-regex cache-miss
431 http fetch GET 200 https://registry.npmjs.org/is-data-view 76ms (cache miss)
432 silly packumentCache full:https://registry.npmjs.org/is-data-view set size:undefined disposed:false
433 silly fetch manifest is-set@^2.0.3
434 silly packumentCache full:https://registry.npmjs.org/is-set cache-miss
435 http fetch GET 200 https://registry.npmjs.org/is-negative-zero 91ms (cache miss)
436 silly packumentCache full:https://registry.npmjs.org/is-negative-zero set size:undefined disposed:false
437 silly fetch manifest is-shared-array-buffer@^1.0.4
438 silly packumentCache full:https://registry.npmjs.org/is-shared-array-buffer cache-miss
439 http fetch GET 200 https://registry.npmjs.org/is-regex 78ms (cache miss)
440 silly packumentCache full:https://registry.npmjs.org/is-regex set size:undefined disposed:false
441 silly fetch manifest is-string@^1.1.1
442 silly packumentCache full:https://registry.npmjs.org/is-string cache-miss
443 http fetch GET 200 https://registry.npmjs.org/is-set 84ms (cache miss)
444 silly packumentCache full:https://registry.npmjs.org/is-set set size:undefined disposed:false
445 silly fetch manifest is-typed-array@^1.1.15
446 silly packumentCache full:https://registry.npmjs.org/is-typed-array cache-miss
447 http fetch GET 200 https://registry.npmjs.org/is-shared-array-buffer 74ms (cache miss)
448 silly packumentCache full:https://registry.npmjs.org/is-shared-array-buffer set size:undefined disposed:false
449 silly fetch manifest is-weakref@^1.1.1
450 silly packumentCache full:https://registry.npmjs.org/is-weakref cache-miss
451 http fetch GET 200 https://registry.npmjs.org/is-string 99ms (cache miss)
452 silly packumentCache full:https://registry.npmjs.org/is-string set size:undefined disposed:false
453 silly fetch manifest math-intrinsics@^1.1.0
454 silly packumentCache full:https://registry.npmjs.org/math-intrinsics cache-miss
455 http fetch GET 200 https://registry.npmjs.org/is-typed-array 93ms (cache miss)
456 silly packumentCache full:https://registry.npmjs.org/is-typed-array set size:undefined disposed:false
457 silly fetch manifest object-inspect@^1.13.4
458 silly packumentCache full:https://registry.npmjs.org/object-inspect cache-miss
459 http fetch GET 200 https://registry.npmjs.org/is-weakref 77ms (cache miss)
460 silly packumentCache full:https://registry.npmjs.org/is-weakref set size:undefined disposed:false
461 silly fetch manifest object.assign@^4.1.7
462 silly packumentCache full:https://registry.npmjs.org/object.assign cache-miss
463 http fetch GET 200 https://registry.npmjs.org/math-intrinsics 88ms (cache miss)
464 silly packumentCache full:https://registry.npmjs.org/math-intrinsics set size:undefined disposed:false
465 silly fetch manifest own-keys@^1.0.1
466 silly packumentCache full:https://registry.npmjs.org/own-keys cache-miss
467 http fetch GET 200 https://registry.npmjs.org/object-inspect 97ms (cache miss)
468 silly packumentCache full:https://registry.npmjs.org/object-inspect set size:undefined disposed:false
469 silly fetch manifest regexp.prototype.flags@^1.5.4
470 silly packumentCache full:https://registry.npmjs.org/regexp.prototype.flags cache-miss
471 http fetch GET 200 https://registry.npmjs.org/object.assign 116ms (cache miss)
472 silly packumentCache full:https://registry.npmjs.org/object.assign set size:undefined disposed:false
473 silly fetch manifest safe-array-concat@^1.1.3
474 silly packumentCache full:https://registry.npmjs.org/safe-array-concat cache-miss
475 http fetch GET 200 https://registry.npmjs.org/own-keys 87ms (cache miss)
476 silly packumentCache full:https://registry.npmjs.org/own-keys set size:undefined disposed:false
477 silly fetch manifest safe-push-apply@^1.0.0
478 silly packumentCache full:https://registry.npmjs.org/safe-push-apply cache-miss
479 http fetch GET 200 https://registry.npmjs.org/regexp.prototype.flags 114ms (cache miss)
480 silly packumentCache full:https://registry.npmjs.org/regexp.prototype.flags set size:undefined disposed:false
481 silly fetch manifest safe-regex-test@^1.1.0
482 silly packumentCache full:https://registry.npmjs.org/safe-regex-test cache-miss
483 http fetch GET 200 https://registry.npmjs.org/safe-array-concat 85ms (cache miss)
484 silly packumentCache full:https://registry.npmjs.org/safe-array-concat set size:undefined disposed:false
485 silly fetch manifest set-proto@^1.0.0
486 silly packumentCache full:https://registry.npmjs.org/set-proto cache-miss
487 http fetch GET 200 https://registry.npmjs.org/safe-push-apply 87ms (cache miss)
488 silly packumentCache full:https://registry.npmjs.org/safe-push-apply set size:undefined disposed:false
489 silly fetch manifest stop-iteration-iterator@^1.1.0
490 silly packumentCache full:https://registry.npmjs.org/stop-iteration-iterator cache-miss
491 http fetch GET 200 https://registry.npmjs.org/set-proto 79ms (cache miss)
492 silly packumentCache full:https://registry.npmjs.org/set-proto set size:undefined disposed:false
493 silly fetch manifest string.prototype.trim@^1.2.10
494 silly packumentCache full:https://registry.npmjs.org/string.prototype.trim cache-miss
495 http fetch GET 200 https://registry.npmjs.org/safe-regex-test 91ms (cache miss)
496 silly packumentCache full:https://registry.npmjs.org/safe-regex-test set size:undefined disposed:false
497 silly fetch manifest string.prototype.trimend@^1.0.9
498 silly packumentCache full:https://registry.npmjs.org/string.prototype.trimend cache-miss
499 http fetch GET 200 https://registry.npmjs.org/stop-iteration-iterator 89ms (cache miss)
500 silly packumentCache full:https://registry.npmjs.org/stop-iteration-iterator set size:undefined disposed:false
501 silly fetch manifest string.prototype.trimstart@^1.0.8
502 silly packumentCache full:https://registry.npmjs.org/string.prototype.trimstart cache-miss
503 http fetch GET 200 https://registry.npmjs.org/string.prototype.trim 105ms (cache miss)
504 silly packumentCache full:https://registry.npmjs.org/string.prototype.trim set size:undefined disposed:false
505 silly fetch manifest typed-array-buffer@^1.0.3
506 silly packumentCache full:https://registry.npmjs.org/typed-array-buffer cache-miss
507 http fetch GET 200 https://registry.npmjs.org/string.prototype.trimend 117ms (cache miss)
508 silly packumentCache full:https://registry.npmjs.org/string.prototype.trimend set size:undefined disposed:false
509 silly fetch manifest typed-array-byte-length@^1.0.3
510 silly packumentCache full:https://registry.npmjs.org/typed-array-byte-length cache-miss
511 http fetch GET 200 https://registry.npmjs.org/string.prototype.trimstart 92ms (cache miss)
512 silly packumentCache full:https://registry.npmjs.org/string.prototype.trimstart set size:undefined disposed:false
513 silly fetch manifest typed-array-byte-offset@^1.0.4
514 silly packumentCache full:https://registry.npmjs.org/typed-array-byte-offset cache-miss
515 http fetch GET 200 https://registry.npmjs.org/typed-array-buffer 80ms (cache miss)
516 silly packumentCache full:https://registry.npmjs.org/typed-array-buffer set size:undefined disposed:false
517 silly fetch manifest typed-array-length@^1.0.7
518 silly packumentCache full:https://registry.npmjs.org/typed-array-length cache-miss
519 http fetch GET 200 https://registry.npmjs.org/typed-array-byte-length 93ms (cache miss)
520 silly packumentCache full:https://registry.npmjs.org/typed-array-byte-length set size:undefined disposed:false
521 silly fetch manifest unbox-primitive@^1.1.0
522 silly packumentCache full:https://registry.npmjs.org/unbox-primitive cache-miss
523 http fetch GET 200 https://registry.npmjs.org/typed-array-byte-offset 90ms (cache miss)
524 silly packumentCache full:https://registry.npmjs.org/typed-array-byte-offset set size:undefined disposed:false
525 silly fetch manifest which-typed-array@^1.1.19
526 silly packumentCache full:https://registry.npmjs.org/which-typed-array cache-miss
527 http fetch GET 200 https://registry.npmjs.org/typed-array-length 75ms (cache miss)
528 silly packumentCache full:https://registry.npmjs.org/typed-array-length set size:undefined disposed:false
529 http fetch GET 200 https://registry.npmjs.org/unbox-primitive 94ms (cache miss)
530 silly packumentCache full:https://registry.npmjs.org/unbox-primitive set size:undefined disposed:false
531 http fetch GET 200 https://registry.npmjs.org/which-typed-array 89ms (cache miss)
532 silly packumentCache full:https://registry.npmjs.org/which-typed-array set size:undefined disposed:false
533 silly placeDep ROOT readable-stream@2.3.8 OK for: bl@1.2.3 want: ^2.3.5
534 silly fetch manifest isarray@~1.0.0
535 silly packumentCache full:https://registry.npmjs.org/isarray cache-miss
536 silly fetch manifest safe-buffer@~5.1.1
537 silly packumentCache full:https://registry.npmjs.org/safe-buffer cache-miss
538 silly fetch manifest core-util-is@~1.0.0
539 silly packumentCache full:https://registry.npmjs.org/core-util-is cache-miss
540 http fetch GET 200 https://registry.npmjs.org/safe-buffer 84ms (cache revalidated)
541 silly packumentCache full:https://registry.npmjs.org/safe-buffer set size:41183 disposed:false
542 silly fetch manifest string_decoder@~1.1.1
543 silly packumentCache full:https://registry.npmjs.org/string_decoder cache-miss
544 http fetch GET 200 https://registry.npmjs.org/core-util-is 90ms (cache miss)
545 silly packumentCache full:https://registry.npmjs.org/core-util-is set size:undefined disposed:false
546 silly fetch manifest util-deprecate@~1.0.1
547 silly packumentCache full:https://registry.npmjs.org/util-deprecate cache-miss
548 http fetch GET 200 https://registry.npmjs.org/isarray 96ms (cache miss)
549 silly packumentCache full:https://registry.npmjs.org/isarray set size:undefined disposed:false
550 silly fetch manifest process-nextick-args@~2.0.0
551 silly packumentCache full:https://registry.npmjs.org/process-nextick-args cache-miss
552 http fetch GET 200 https://registry.npmjs.org/string_decoder 81ms (cache miss)
553 silly packumentCache full:https://registry.npmjs.org/string_decoder set size:undefined disposed:false
554 http fetch GET 200 https://registry.npmjs.org/util-deprecate 77ms (cache miss)
555 silly packumentCache full:https://registry.npmjs.org/util-deprecate set size:undefined disposed:false
556 http fetch GET 200 https://registry.npmjs.org/process-nextick-args 82ms (cache miss)
557 silly packumentCache full:https://registry.npmjs.org/process-nextick-args set size:undefined disposed:false
558 silly placeDep ROOT call-bind-apply-helpers@1.0.2 OK for: call-bind@1.0.9 want: ^1.0.2
559 silly placeDep ROOT es-define-property@1.0.1 OK for: call-bind@1.0.9 want: ^1.0.1
560 silly placeDep ROOT get-intrinsic@1.3.0 OK for: call-bind@1.0.9 want: ^1.3.0
561 silly placeDep ROOT set-function-length@1.2.2 OK for: call-bind@1.0.9 want: ^1.2.2
562 silly fetch manifest function-bind@^1.1.2
563 silly packumentCache full:https://registry.npmjs.org/function-bind cache-miss
564 silly fetch manifest function-bind@^1.1.2
565 silly packumentCache full:https://registry.npmjs.org/function-bind cache-miss
566 silly fetch manifest define-data-property@^1.1.4
567 silly packumentCache full:https://registry.npmjs.org/define-data-property cache-miss
568 http cache https://registry.npmjs.org/define-data-property 11ms (cache hit)
569 silly packumentCache full:https://registry.npmjs.org/define-data-property set size:28048 disposed:false
570 silly fetch manifest function-bind@^1.1.2
571 silly packumentCache full:https://registry.npmjs.org/function-bind cache-miss
572 http fetch GET 200 https://registry.npmjs.org/function-bind 81ms (cache miss)
573 silly packumentCache full:https://registry.npmjs.org/function-bind set size:undefined disposed:false
574 silly fetch manifest gopd@^1.0.1
575 silly packumentCache full:https://registry.npmjs.org/gopd cache-miss
576 http fetch GET 200 https://registry.npmjs.org/function-bind 82ms (cache miss)
577 silly packumentCache full:https://registry.npmjs.org/function-bind set size:undefined disposed:false
578 http cache https://registry.npmjs.org/gopd 14ms (cache hit)
579 silly packumentCache full:https://registry.npmjs.org/gopd set size:11458 disposed:false
580 http fetch GET 200 https://registry.npmjs.org/function-bind 81ms (cache miss)
581 silly packumentCache full:https://registry.npmjs.org/function-bind set size:undefined disposed:false
582 silly placeDep ROOT es-errors@1.3.0 OK for: call-bind-apply-helpers@1.0.2 want: ^1.3.0
583 silly placeDep ROOT function-bind@1.1.2 OK for: call-bind-apply-helpers@1.0.2 want: ^1.1.2
584 silly placeDep ROOT delayed-stream@1.0.0 OK for: combined-stream@1.0.8 want: ~1.0.0
585 silly placeDep ROOT define-data-property@1.1.4 OK for: define-properties@1.2.1 want: ^1.0.1
586 silly placeDep ROOT has-property-descriptors@1.0.2 OK for: define-properties@1.2.1 want: ^1.0.0
587 silly placeDep ROOT object-keys@1.1.1 OK for: define-properties@1.2.1 want: ^1.1.1
588 silly placeDep ROOT gopd@1.2.0 OK for: define-data-property@1.1.4 want: ^1.0.1
589 silly placeDep ROOT array-buffer-byte-length@1.0.2 OK for: es-abstract@1.24.2 want: ^1.0.2
590 silly placeDep ROOT arraybuffer.prototype.slice@1.0.4 OK for: es-abstract@1.24.2 want: ^1.0.4
591 silly placeDep ROOT available-typed-arrays@1.0.7 OK for: es-abstract@1.24.2 want: ^1.0.7
592 silly placeDep ROOT data-view-buffer@1.0.2 OK for: es-abstract@1.24.2 want: ^1.0.2
593 silly placeDep ROOT data-view-byte-length@1.0.2 OK for: es-abstract@1.24.2 want: ^1.0.2
594 silly placeDep ROOT data-view-byte-offset@1.0.1 OK for: es-abstract@1.24.2 want: ^1.0.1
595 silly placeDep ROOT es-set-tostringtag@2.1.0 OK for: es-abstract@1.24.2 want: ^2.1.0
596 silly placeDep ROOT es-to-primitive@1.3.0 OK for: es-abstract@1.24.2 want: ^1.3.0
597 silly placeDep ROOT function.prototype.name@1.1.8 OK for: es-abstract@1.24.2 want: ^1.1.8
598 silly placeDep ROOT get-proto@1.0.1 OK for: es-abstract@1.24.2 want: ^1.0.1
599 silly placeDep ROOT get-symbol-description@1.1.0 OK for: es-abstract@1.24.2 want: ^1.1.0
600 silly placeDep ROOT globalthis@1.0.4 OK for: es-abstract@1.24.2 want: ^1.0.4
601 silly placeDep ROOT has-proto@1.2.0 OK for: es-abstract@1.24.2 want: ^1.2.0
602 silly placeDep ROOT has-symbols@1.1.0 OK for: es-abstract@1.24.2 want: ^1.1.0
603 silly placeDep ROOT hasown@2.0.4 OK for: es-abstract@1.24.2 want: ^2.0.2
604 silly placeDep ROOT internal-slot@1.1.0 OK for: es-abstract@1.24.2 want: ^1.1.0
605 silly placeDep ROOT is-array-buffer@3.0.5 OK for: es-abstract@1.24.2 want: ^3.0.5
606 silly placeDep ROOT is-callable@1.2.7 OK for: es-abstract@1.24.2 want: ^1.2.7
607 silly placeDep ROOT is-data-view@1.0.2 OK for: es-abstract@1.24.2 want: ^1.0.2
608 silly placeDep ROOT is-negative-zero@2.0.3 OK for: es-abstract@1.24.2 want: ^2.0.3
609 silly placeDep ROOT is-regex@1.2.1 OK for: es-abstract@1.24.2 want: ^1.2.1
610 silly placeDep ROOT is-set@2.0.3 OK for: es-abstract@1.24.2 want: ^2.0.3
611 silly placeDep ROOT is-shared-array-buffer@1.0.4 OK for: es-abstract@1.24.2 want: ^1.0.4
612 silly placeDep ROOT is-string@1.1.1 OK for: es-abstract@1.24.2 want: ^1.1.1
613 silly placeDep ROOT is-typed-array@1.1.15 OK for: es-abstract@1.24.2 want: ^1.1.15
614 silly placeDep ROOT is-weakref@1.1.1 OK for: es-abstract@1.24.2 want: ^1.1.1
615 silly placeDep ROOT math-intrinsics@1.1.0 OK for: es-abstract@1.24.2 want: ^1.1.0
616 silly placeDep ROOT object-inspect@1.13.4 OK for: es-abstract@1.24.2 want: ^1.13.4
617 silly placeDep ROOT object.assign@4.1.7 OK for: es-abstract@1.24.2 want: ^4.1.7
618 silly placeDep ROOT own-keys@1.0.1 OK for: es-abstract@1.24.2 want: ^1.0.1
619 silly placeDep ROOT regexp.prototype.flags@1.5.4 OK for: es-abstract@1.24.2 want: ^1.5.4
620 silly placeDep ROOT safe-array-concat@1.1.4 OK for: es-abstract@1.24.2 want: ^1.1.3
621 silly placeDep ROOT safe-push-apply@1.0.0 OK for: es-abstract@1.24.2 want: ^1.0.0
622 silly placeDep ROOT safe-regex-test@1.1.0 OK for: es-abstract@1.24.2 want: ^1.1.0
623 silly placeDep ROOT set-proto@1.0.0 OK for: es-abstract@1.24.2 want: ^1.0.0
624 silly placeDep ROOT stop-iteration-iterator@1.1.0 OK for: es-abstract@1.24.2 want: ^1.1.0
625 silly placeDep ROOT string.prototype.trim@1.2.10 OK for: es-abstract@1.24.2 want: ^1.2.10
626 silly placeDep ROOT string.prototype.trimend@1.0.9 OK for: es-abstract@1.24.2 want: ^1.0.9
627 silly placeDep ROOT string.prototype.trimstart@1.0.8 OK for: es-abstract@1.24.2 want: ^1.0.8
628 silly placeDep ROOT typed-array-buffer@1.0.3 OK for: es-abstract@1.24.2 want: ^1.0.3
629 silly placeDep ROOT typed-array-byte-length@1.0.3 OK for: es-abstract@1.24.2 want: ^1.0.3
630 silly placeDep ROOT typed-array-byte-offset@1.0.4 OK for: es-abstract@1.24.2 want: ^1.0.4
631 silly placeDep ROOT typed-array-length@1.0.8 OK for: es-abstract@1.24.2 want: ^1.0.7
632 silly placeDep ROOT unbox-primitive@1.1.0 OK for: es-abstract@1.24.2 want: ^1.1.0
633 silly placeDep ROOT which-typed-array@1.1.21 OK for: es-abstract@1.24.2 want: ^1.1.19
634 silly fetch manifest is-array-buffer@^3.0.4
635 silly packumentCache full:https://registry.npmjs.org/is-array-buffer cache-miss
636 silly fetch manifest possible-typed-array-names@^1.0.0
637 silly packumentCache full:https://registry.npmjs.org/possible-typed-array-names cache-miss
638 silly fetch manifest is-data-view@^1.0.1
639 silly packumentCache full:https://registry.npmjs.org/is-data-view cache-miss
640 http cache https://registry.npmjs.org/is-array-buffer 21ms (cache hit)
641 silly packumentCache full:https://registry.npmjs.org/is-array-buffer set size:33562 disposed:false
642 silly fetch manifest has-tostringtag@^1.0.2
643 silly packumentCache full:https://registry.npmjs.org/has-tostringtag cache-miss
644 http cache https://registry.npmjs.org/is-data-view 21ms (cache hit)
645 silly packumentCache full:https://registry.npmjs.org/is-data-view set size:13756 disposed:false
646 silly fetch manifest is-date-object@^1.0.5
647 silly packumentCache full:https://registry.npmjs.org/is-date-object cache-miss
648 http fetch GET 200 https://registry.npmjs.org/possible-typed-array-names 91ms (cache miss)
649 silly packumentCache full:https://registry.npmjs.org/possible-typed-array-names set size:undefined disposed:false
650 silly fetch manifest is-symbol@^1.0.4
651 silly packumentCache full:https://registry.npmjs.org/is-symbol cache-miss
652 http fetch GET 200 https://registry.npmjs.org/has-tostringtag 86ms (cache miss)
653 silly packumentCache full:https://registry.npmjs.org/has-tostringtag set size:undefined disposed:false
654 silly fetch manifest functions-have-names@^1.2.3
655 silly packumentCache full:https://registry.npmjs.org/functions-have-names cache-miss
656 http fetch GET 200 https://registry.npmjs.org/is-date-object 86ms (cache miss)
657 silly packumentCache full:https://registry.npmjs.org/is-date-object set size:undefined disposed:false
658 silly fetch manifest dunder-proto@^1.0.1
659 silly packumentCache full:https://registry.npmjs.org/dunder-proto cache-miss
660 http fetch GET 200 https://registry.npmjs.org/is-symbol 81ms (cache miss)
661 silly packumentCache full:https://registry.npmjs.org/is-symbol set size:undefined disposed:false
662 silly fetch manifest dunder-proto@^1.0.0
663 silly packumentCache full:https://registry.npmjs.org/dunder-proto cache-miss
664 http fetch GET 200 https://registry.npmjs.org/functions-have-names 80ms (cache miss)
665 silly packumentCache full:https://registry.npmjs.org/functions-have-names set size:undefined disposed:false
666 silly fetch manifest is-typed-array@^1.1.13
667 silly packumentCache full:https://registry.npmjs.org/is-typed-array cache-miss
668 http fetch GET 200 https://registry.npmjs.org/dunder-proto 82ms (cache miss)
669 silly packumentCache full:https://registry.npmjs.org/dunder-proto set size:undefined disposed:false
670 silly fetch manifest which-typed-array@^1.1.16
671 silly packumentCache full:https://registry.npmjs.org/which-typed-array cache-miss
672 http cache https://registry.npmjs.org/is-typed-array 14ms (cache hit)
673 silly packumentCache full:https://registry.npmjs.org/is-typed-array set size:79965 disposed:false
674 silly fetch manifest set-function-name@^2.0.2
675 silly packumentCache full:https://registry.npmjs.org/set-function-name cache-miss
676 http cache https://registry.npmjs.org/which-typed-array 17ms (cache hit)
677 silly packumentCache full:https://registry.npmjs.org/which-typed-array set size:97565 disposed:false
678 silly fetch manifest isarray@^2.0.5
679 silly packumentCache full:https://registry.npmjs.org/isarray cache-miss
680 http cache https://registry.npmjs.org/isarray 3ms (cache hit)
681 silly packumentCache full:https://registry.npmjs.org/isarray set size:17392 disposed:false
682 silly fetch manifest for-each@^0.3.3
683 silly packumentCache full:https://registry.npmjs.org/for-each cache-miss
684 http fetch GET 200 https://registry.npmjs.org/dunder-proto 89ms (cache miss)
685 silly packumentCache full:https://registry.npmjs.org/dunder-proto set size:undefined disposed:false
686 silly fetch manifest for-each@^0.3.3
687 silly packumentCache full:https://registry.npmjs.org/for-each cache-miss
688 http fetch GET 200 https://registry.npmjs.org/set-function-name 78ms (cache miss)
689 silly packumentCache full:https://registry.npmjs.org/set-function-name set size:undefined disposed:false
690 silly fetch manifest reflect.getprototypeof@^1.0.9
691 silly packumentCache full:https://registry.npmjs.org/reflect.getprototypeof cache-miss
692 http fetch GET 200 https://registry.npmjs.org/for-each 85ms (cache miss)
693 silly packumentCache full:https://registry.npmjs.org/for-each set size:undefined disposed:false
694 silly fetch manifest for-each@^0.3.5
695 silly packumentCache full:https://registry.npmjs.org/for-each cache-miss
696 http cache https://registry.npmjs.org/for-each 4ms (cache hit)
697 silly packumentCache full:https://registry.npmjs.org/for-each set size:14327 disposed:false
698 silly fetch manifest possible-typed-array-names@^1.1.0
699 silly packumentCache full:https://registry.npmjs.org/possible-typed-array-names cache-miss
700 http cache https://registry.npmjs.org/possible-typed-array-names 3ms (cache hit)
701 silly packumentCache full:https://registry.npmjs.org/possible-typed-array-names set size:9167 disposed:false
702 silly fetch manifest reflect.getprototypeof@^1.0.10
703 silly packumentCache full:https://registry.npmjs.org/reflect.getprototypeof cache-miss
704 http fetch GET 200 https://registry.npmjs.org/for-each 84ms (cache miss)
705 silly packumentCache full:https://registry.npmjs.org/for-each set size:undefined disposed:false
706 silly packumentCache full:https://registry.npmjs.org/for-each dispose
707 silly fetch manifest has-bigints@^1.0.2
708 silly packumentCache full:https://registry.npmjs.org/has-bigints cache-miss
709 http fetch GET 200 https://registry.npmjs.org/reflect.getprototypeof 82ms (cache miss)
710 silly packumentCache full:https://registry.npmjs.org/reflect.getprototypeof set size:undefined disposed:false
711 silly fetch manifest which-boxed-primitive@^1.1.1
712 silly packumentCache full:https://registry.npmjs.org/which-boxed-primitive cache-miss
713 http fetch GET 200 https://registry.npmjs.org/reflect.getprototypeof 85ms (cache miss)
714 silly packumentCache full:https://registry.npmjs.org/reflect.getprototypeof set size:undefined disposed:false
715 http fetch GET 200 https://registry.npmjs.org/has-bigints 105ms (cache miss)
716 silly packumentCache full:https://registry.npmjs.org/has-bigints set size:undefined disposed:false
717 http fetch GET 200 https://registry.npmjs.org/which-boxed-primitive 104ms (cache miss)
718 silly packumentCache full:https://registry.npmjs.org/which-boxed-primitive set size:undefined disposed:false
719 silly placeDep ROOT possible-typed-array-names@1.1.0 OK for: available-typed-arrays@1.0.7 want: ^1.0.0
720 silly placeDep ROOT has-tostringtag@1.0.2 OK for: es-set-tostringtag@2.1.0 want: ^1.0.2
721 silly placeDep ROOT is-date-object@1.1.0 OK for: es-to-primitive@1.3.0 want: ^1.0.5
722 silly placeDep ROOT is-symbol@1.1.1 OK for: es-to-primitive@1.3.0 want: ^1.0.4
723 silly placeDep ROOT asynckit@0.4.0 OK for: form-data@4.0.5 want: ^0.4.0
724 silly placeDep ROOT functions-have-names@1.2.3 OK for: function.prototype.name@1.1.8 want: ^1.2.3
725 silly placeDep ROOT dunder-proto@1.0.1 OK for: get-proto@1.0.1 want: ^1.0.1
726 silly placeDep ROOT assert-plus@1.0.0 OK for: http-signature@1.4.0 want: ^1.0.0
727 silly placeDep ROOT jsprim@2.0.2 OK for: http-signature@1.4.0 want: ^2.0.2
728 silly placeDep ROOT sshpk@1.18.0 OK for: http-signature@1.4.0 want: ^1.18.0
729 silly fetch manifest verror@1.10.0
730 silly packumentCache full:https://registry.npmjs.org/verror cache-miss
731 silly fetch manifest extsprintf@1.3.0
732 silly packumentCache full:https://registry.npmjs.org/extsprintf cache-miss
733 silly fetch manifest json-schema@0.4.0
734 silly packumentCache full:https://registry.npmjs.org/json-schema cache-miss
735 http fetch GET 200 https://registry.npmjs.org/json-schema 96ms (cache miss)
736 silly packumentCache full:https://registry.npmjs.org/json-schema set size:undefined disposed:false
737 silly fetch manifest asn1@~0.2.3
738 silly packumentCache full:https://registry.npmjs.org/asn1 cache-miss
739 http fetch GET 200 https://registry.npmjs.org/extsprintf 104ms (cache miss)
740 silly packumentCache full:https://registry.npmjs.org/extsprintf set size:undefined disposed:false
741 silly fetch manifest jsbn@~0.1.0
742 silly packumentCache full:https://registry.npmjs.org/jsbn cache-miss
743 http fetch GET 200 https://registry.npmjs.org/verror 108ms (cache miss)
744 silly packumentCache full:https://registry.npmjs.org/verror set size:undefined disposed:false
745 silly fetch manifest getpass@^0.1.1
746 silly packumentCache full:https://registry.npmjs.org/getpass cache-miss
747 http fetch GET 200 https://registry.npmjs.org/asn1 82ms (cache miss)
748 silly packumentCache full:https://registry.npmjs.org/asn1 set size:undefined disposed:false
749 silly fetch manifest dashdash@^1.12.0
750 silly packumentCache full:https://registry.npmjs.org/dashdash cache-miss
751 http fetch GET 200 https://registry.npmjs.org/jsbn 82ms (cache miss)
752 silly packumentCache full:https://registry.npmjs.org/jsbn set size:undefined disposed:false
753 silly fetch manifest ecc-jsbn@~0.1.1
754 silly packumentCache full:https://registry.npmjs.org/ecc-jsbn cache-miss
755 http fetch GET 200 https://registry.npmjs.org/getpass 87ms (cache miss)
756 silly packumentCache full:https://registry.npmjs.org/getpass set size:undefined disposed:false
757 silly fetch manifest tweetnacl@~0.14.0
758 silly packumentCache full:https://registry.npmjs.org/tweetnacl cache-miss
759 http fetch GET 200 https://registry.npmjs.org/dashdash 87ms (cache miss)
760 silly packumentCache full:https://registry.npmjs.org/dashdash set size:undefined disposed:false
761 silly fetch manifest bcrypt-pbkdf@^1.0.0
762 silly packumentCache full:https://registry.npmjs.org/bcrypt-pbkdf cache-miss
763 http fetch GET 200 https://registry.npmjs.org/ecc-jsbn 90ms (cache miss)
764 silly packumentCache full:https://registry.npmjs.org/ecc-jsbn set size:undefined disposed:false
765 http fetch GET 200 https://registry.npmjs.org/tweetnacl 96ms (cache miss)
766 silly packumentCache full:https://registry.npmjs.org/tweetnacl set size:undefined disposed:false
767 http fetch GET 200 https://registry.npmjs.org/bcrypt-pbkdf 78ms (cache miss)
768 silly packumentCache full:https://registry.npmjs.org/bcrypt-pbkdf set size:undefined disposed:false
769 silly placeDep ROOT side-channel@1.1.0 OK for: internal-slot@1.1.0 want: ^1.1.0
770 silly fetch manifest side-channel-list@^1.0.0
771 silly packumentCache full:https://registry.npmjs.org/side-channel-list cache-miss
772 silly fetch manifest side-channel-map@^1.0.1
773 silly packumentCache full:https://registry.npmjs.org/side-channel-map cache-miss
774 silly fetch manifest side-channel-weakmap@^1.0.2
775 silly packumentCache full:https://registry.npmjs.org/side-channel-weakmap cache-miss
776 http fetch GET 200 https://registry.npmjs.org/side-channel-map 84ms (cache miss)
777 silly packumentCache full:https://registry.npmjs.org/side-channel-map set size:undefined disposed:false
778 http fetch GET 200 https://registry.npmjs.org/side-channel-list 86ms (cache miss)
779 silly packumentCache full:https://registry.npmjs.org/side-channel-list set size:undefined disposed:false
780 http fetch GET 200 https://registry.npmjs.org/side-channel-weakmap 85ms (cache miss)
781 silly packumentCache full:https://registry.npmjs.org/side-channel-weakmap set size:undefined disposed:false
782 silly placeDep ROOT extsprintf@1.3.0 OK for: jsprim@2.0.2 want: 1.3.0
783 silly placeDep ROOT json-schema@0.4.0 OK for: jsprim@2.0.2 want: 0.4.0
784 silly placeDep ROOT verror@1.10.0 OK for: jsprim@2.0.2 want: 1.10.0
785 silly fetch manifest core-util-is@1.0.2
786 silly packumentCache full:https://registry.npmjs.org/core-util-is cache-miss
787 http cache https://registry.npmjs.org/core-util-is 11ms (cache hit)
788 silly packumentCache full:https://registry.npmjs.org/core-util-is set size:7163 disposed:false
789 silly placeDep ROOT end-of-stream@1.4.5 OK for: pump@2.0.1 want: ^1.1.0
790 silly placeDep ROOT once@1.4.0 OK for: pump@2.0.1 want: ^1.3.1
791 silly fetch manifest once@^1.4.0
792 silly packumentCache full:https://registry.npmjs.org/once cache-miss
793 silly fetch manifest wrappy@1
794 silly packumentCache full:https://registry.npmjs.org/wrappy cache-miss
795 http cache https://registry.npmjs.org/once 5ms (cache hit)
796 silly packumentCache full:https://registry.npmjs.org/once set size:11752 disposed:false
797 http fetch GET 200 https://registry.npmjs.org/wrappy 80ms (cache miss)
798 silly packumentCache full:https://registry.npmjs.org/wrappy set size:undefined disposed:false
799 silly placeDep ROOT wrappy@1.0.2 OK for: once@1.4.0 want: 1
800 silly placeDep ROOT core-util-is@1.0.3 OK for: readable-stream@2.3.8 want: ~1.0.0
801 silly placeDep ROOT isarray@1.0.0 OK for: readable-stream@2.3.8 want: ~1.0.0
802 silly placeDep ROOT process-nextick-args@2.0.1 OK for: readable-stream@2.3.8 want: ~2.0.0
803 silly placeDep node_modules/readable-stream safe-buffer@5.1.2 OK for: readable-stream@2.3.8 want: ~5.1.1
804 silly placeDep ROOT string_decoder@1.1.1 OK for: readable-stream@2.3.8 want: ~1.1.1
805 silly placeDep ROOT util-deprecate@1.0.2 OK for: readable-stream@2.3.8 want: ~1.0.1
806 silly fetch manifest safe-buffer@~5.1.0
807 silly packumentCache full:https://registry.npmjs.org/safe-buffer cache-hit
808 silly placeDep ROOT set-function-name@2.0.2 OK for: regexp.prototype.flags@1.5.4 want: ^2.0.2
809 silly placeDep node_modules/request form-data@2.3.3 OK for: request@2.88.2 want: ~2.3.2
810 silly placeDep ROOT har-validator@5.1.5 OK for: request@2.88.2 want: ~5.1.3
811 silly placeDep node_modules/request http-signature@1.2.0 OK for: request@2.88.2 want: ~1.2.0
812 silly placeDep ROOT oauth-sign@0.9.0 OK for: request@2.88.2 want: ~0.9.0
813 silly placeDep node_modules/request qs@6.5.5 OK for: request@2.88.2 want: ~6.5.2
814 silly placeDep node_modules/request tough-cookie@2.5.0 OK for: request@2.88.2 want: ~2.5.0
815 silly placeDep node_modules/request uuid@3.4.0 OK for: request@2.88.2 want: ^3.3.2
816 silly fetch manifest ajv@^6.12.3
817 silly packumentCache full:https://registry.npmjs.org/ajv cache-miss
818 silly fetch manifest har-schema@^2.0.0
819 silly packumentCache full:https://registry.npmjs.org/har-schema cache-miss
820 silly fetch manifest jsprim@^1.2.2
821 silly packumentCache full:https://registry.npmjs.org/jsprim cache-miss
822 http cache https://registry.npmjs.org/jsprim 10ms (cache hit)
823 silly packumentCache full:https://registry.npmjs.org/jsprim set size:49508 disposed:false
824 silly fetch manifest psl@^1.1.28
825 silly packumentCache full:https://registry.npmjs.org/psl cache-miss
826 http cache https://registry.npmjs.org/psl 14ms (cache hit)
827 silly packumentCache full:https://registry.npmjs.org/psl set size:129526 disposed:false
828 http fetch GET 200 https://registry.npmjs.org/har-schema 92ms (cache miss)
829 silly packumentCache full:https://registry.npmjs.org/har-schema set size:undefined disposed:false
830 http fetch GET 200 https://registry.npmjs.org/ajv 164ms (cache miss)
831 silly packumentCache full:https://registry.npmjs.org/ajv set size:undefined disposed:false
832 silly placeDep ROOT ajv@6.15.0 OK for: har-validator@5.1.5 want: ^6.12.3
833 silly placeDep ROOT har-schema@2.0.0 OK for: har-validator@5.1.5 want: ^2.0.0
834 silly fetch manifest uri-js@^4.2.2
835 silly packumentCache full:https://registry.npmjs.org/uri-js cache-miss
836 silly fetch manifest fast-deep-equal@^3.1.1
837 silly packumentCache full:https://registry.npmjs.org/fast-deep-equal cache-miss
838 silly fetch manifest json-schema-traverse@^0.4.1
839 silly packumentCache full:https://registry.npmjs.org/json-schema-traverse cache-miss
840 http fetch GET 200 https://registry.npmjs.org/uri-js 91ms (cache miss)
841 silly packumentCache full:https://registry.npmjs.org/uri-js set size:undefined disposed:false
842 silly fetch manifest fast-json-stable-stringify@^2.0.0
843 silly packumentCache full:https://registry.npmjs.org/fast-json-stable-stringify cache-miss
844 http fetch GET 200 https://registry.npmjs.org/fast-deep-equal 94ms (cache miss)
845 silly packumentCache full:https://registry.npmjs.org/fast-deep-equal set size:undefined disposed:false
846 http fetch GET 200 https://registry.npmjs.org/json-schema-traverse 96ms (cache miss)
847 silly packumentCache full:https://registry.npmjs.org/json-schema-traverse set size:undefined disposed:false
848 http fetch GET 200 https://registry.npmjs.org/fast-json-stable-stringify 81ms (cache miss)
849 silly packumentCache full:https://registry.npmjs.org/fast-json-stable-stringify set size:undefined disposed:false
850 silly placeDep ROOT fast-deep-equal@3.1.3 OK for: ajv@6.15.0 want: ^3.1.1
851 silly placeDep ROOT fast-json-stable-stringify@2.1.0 OK for: ajv@6.15.0 want: ^2.0.0
852 silly placeDep ROOT json-schema-traverse@0.4.1 OK for: ajv@6.15.0 want: ^0.4.1
853 silly placeDep ROOT uri-js@4.4.1 OK for: ajv@6.15.0 want: ^4.2.2
854 silly fetch manifest punycode@^2.1.0
855 silly packumentCache full:https://registry.npmjs.org/punycode cache-miss
856 http cache https://registry.npmjs.org/punycode 2ms (cache hit)
857 silly packumentCache full:https://registry.npmjs.org/punycode set size:61278 disposed:false
858 silly placeDep ROOT lodash@4.18.1 OK for: request-promise-core@1.1.3 want: ^4.17.15
859 silly placeDep node_modules/safe-array-concat isarray@2.0.5 OK for: safe-array-concat@1.1.4 want: ^2.0.5
860 silly placeDep node_modules/safe-push-apply isarray@2.0.5 OK for: safe-push-apply@1.0.0 want: ^2.0.5
861 silly placeDep ROOT side-channel-list@1.0.1 OK for: side-channel@1.1.0 want: ^1.0.0
862 silly placeDep ROOT side-channel-map@1.0.1 OK for: side-channel@1.1.0 want: ^1.0.1
863 silly placeDep ROOT side-channel-weakmap@1.0.2 OK for: side-channel@1.1.0 want: ^1.0.2
864 silly placeDep ROOT agent-base@7.1.4 OK for: socks-proxy-agent@8.0.5 want: ^7.1.2
865 silly placeDep node_modules/socks-proxy-agent debug@4.4.3 OK for: socks-proxy-agent@8.0.5 want: ^4.3.4
866 silly placeDep ROOT socks@2.8.9 OK for: socks-proxy-agent@8.0.5 want: ^2.8.3
867 silly fetch manifest ms@^2.1.3
868 silly packumentCache full:https://registry.npmjs.org/ms cache-hit
869 silly fetch manifest ip-address@^10.1.1
870 silly packumentCache full:https://registry.npmjs.org/ip-address cache-miss
871 silly fetch manifest smart-buffer@^4.2.0
872 silly packumentCache full:https://registry.npmjs.org/smart-buffer cache-miss
873 http fetch GET 200 https://registry.npmjs.org/smart-buffer 104ms (cache miss)
874 silly packumentCache full:https://registry.npmjs.org/smart-buffer set size:undefined disposed:false
875 http fetch GET 200 https://registry.npmjs.org/ip-address 109ms (cache miss)
876 silly packumentCache full:https://registry.npmjs.org/ip-address set size:undefined disposed:false
877 silly placeDep ROOT ip-address@10.2.0 OK for: socks@2.8.9 want: ^10.1.1
878 silly placeDep ROOT smart-buffer@4.2.0 OK for: socks@2.8.9 want: ^4.2.0
879 silly placeDep ROOT asn1@0.2.6 OK for: sshpk@1.18.0 want: ~0.2.3
880 silly placeDep ROOT bcrypt-pbkdf@1.0.2 OK for: sshpk@1.18.0 want: ^1.0.0
881 silly placeDep ROOT dashdash@1.14.1 OK for: sshpk@1.18.0 want: ^1.12.0
882 silly placeDep ROOT ecc-jsbn@0.1.2 OK for: sshpk@1.18.0 want: ~0.1.1
883 silly placeDep ROOT getpass@0.1.7 OK for: sshpk@1.18.0 want: ^0.1.1
884 silly placeDep ROOT jsbn@0.1.1 OK for: sshpk@1.18.0 want: ~0.1.0
885 silly placeDep ROOT tweetnacl@0.14.5 OK for: sshpk@1.18.0 want: ~0.14.0
886 silly fetch manifest tweetnacl@^0.14.3
887 silly packumentCache full:https://registry.npmjs.org/tweetnacl cache-miss
888 http cache https://registry.npmjs.org/tweetnacl 11ms (cache hit)
889 silly packumentCache full:https://registry.npmjs.org/tweetnacl set size:79790 disposed:false
890 silly placeDep node_modules/string_decoder safe-buffer@5.1.2 OK for: string_decoder@1.1.1 want: ~5.1.0
891 silly placeDep ROOT tldts@6.1.86 OK for: tough-cookie@5.1.2 want: ^6.1.32
892 silly fetch manifest tldts-core@^6.1.86
893 silly packumentCache full:https://registry.npmjs.org/tldts-core cache-miss
894 http fetch GET 200 https://registry.npmjs.org/tldts-core 189ms (cache miss)
895 silly packumentCache full:https://registry.npmjs.org/tldts-core set size:undefined disposed:false
896 silly placeDep ROOT tldts-core@6.1.86 OK for: tldts@6.1.86 want: ^6.1.86
897 silly placeDep ROOT for-each@0.3.5 OK for: typed-array-byte-length@1.0.3 want: ^0.3.3
898 silly placeDep ROOT reflect.getprototypeof@1.0.10 OK for: typed-array-byte-offset@1.0.4 want: ^1.0.9
899 silly fetch manifest which-builtin-type@^1.2.1
900 silly packumentCache full:https://registry.npmjs.org/which-builtin-type cache-miss
901 http fetch GET 200 https://registry.npmjs.org/which-builtin-type 82ms (cache miss)
902 silly packumentCache full:https://registry.npmjs.org/which-builtin-type set size:undefined disposed:false
903 silly placeDep ROOT which-builtin-type@1.2.1 OK for: reflect.getprototypeof@1.0.10 want: ^1.2.1
904 silly fetch manifest is-async-function@^2.0.0
905 silly packumentCache full:https://registry.npmjs.org/is-async-function cache-miss
906 silly fetch manifest is-finalizationregistry@^1.1.0
907 silly packumentCache full:https://registry.npmjs.org/is-finalizationregistry cache-miss
908 silly fetch manifest is-generator-function@^1.0.10
909 silly packumentCache full:https://registry.npmjs.org/is-generator-function cache-miss
910 http fetch GET 200 https://registry.npmjs.org/is-finalizationregistry 87ms (cache miss)
911 silly packumentCache full:https://registry.npmjs.org/is-finalizationregistry set size:undefined disposed:false
912 silly fetch manifest which-boxed-primitive@^1.1.0
913 silly packumentCache full:https://registry.npmjs.org/which-boxed-primitive cache-miss
914 http fetch GET 200 https://registry.npmjs.org/is-async-function 90ms (cache miss)
915 silly packumentCache full:https://registry.npmjs.org/is-async-function set size:undefined disposed:false
916 silly fetch manifest which-collection@^1.0.2
917 silly packumentCache full:https://registry.npmjs.org/which-collection cache-miss
918 http fetch GET 200 https://registry.npmjs.org/is-generator-function 90ms (cache miss)
919 silly packumentCache full:https://registry.npmjs.org/is-generator-function set size:undefined disposed:false
920 http cache https://registry.npmjs.org/which-boxed-primitive 16ms (cache hit)
921 silly packumentCache full:https://registry.npmjs.org/which-boxed-primitive set size:19407 disposed:false
922 http fetch GET 200 https://registry.npmjs.org/which-collection 80ms (cache miss)
923 silly packumentCache full:https://registry.npmjs.org/which-collection set size:undefined disposed:false
924 silly placeDep ROOT has-bigints@1.1.0 OK for: unbox-primitive@1.1.0 want: ^1.0.2
925 silly placeDep ROOT which-boxed-primitive@1.1.1 OK for: unbox-primitive@1.1.0 want: ^1.1.1
926 silly fetch manifest is-bigint@^1.1.0
927 silly packumentCache full:https://registry.npmjs.org/is-bigint cache-miss
928 silly fetch manifest is-boolean-object@^1.2.1
929 silly packumentCache full:https://registry.npmjs.org/is-boolean-object cache-miss
930 silly fetch manifest is-number-object@^1.1.1
931 silly packumentCache full:https://registry.npmjs.org/is-number-object cache-miss
932 http fetch GET 200 https://registry.npmjs.org/is-bigint 86ms (cache miss)
933 silly packumentCache full:https://registry.npmjs.org/is-bigint set size:undefined disposed:false
934 http fetch GET 200 https://registry.npmjs.org/is-boolean-object 85ms (cache miss)
935 silly packumentCache full:https://registry.npmjs.org/is-boolean-object set size:undefined disposed:false
936 http fetch GET 200 https://registry.npmjs.org/is-number-object 153ms (cache miss)
937 silly packumentCache full:https://registry.npmjs.org/is-number-object set size:undefined disposed:false
938 silly placeDep ROOT punycode@2.3.1 OK for: uri-js@4.4.1 want: ^2.1.0
939 silly placeDep node_modules/verror core-util-is@1.0.2 OK for: verror@1.10.0 want: 1.0.2
940 silly placeDep ROOT is-bigint@1.1.0 OK for: which-boxed-primitive@1.1.1 want: ^1.1.0
941 silly placeDep ROOT is-boolean-object@1.2.2 OK for: which-boxed-primitive@1.1.1 want: ^1.2.1
942 silly placeDep ROOT is-number-object@1.1.1 OK for: which-boxed-primitive@1.1.1 want: ^1.1.1
943 silly placeDep ROOT is-async-function@2.1.1 OK for: which-builtin-type@1.2.1 want: ^2.0.0
944 silly placeDep ROOT is-finalizationregistry@1.1.1 OK for: which-builtin-type@1.2.1 want: ^1.1.0
945 silly placeDep ROOT is-generator-function@1.1.2 OK for: which-builtin-type@1.2.1 want: ^1.0.10
946 silly placeDep node_modules/which-builtin-type isarray@2.0.5 OK for: which-builtin-type@1.2.1 want: ^2.0.5
947 silly placeDep ROOT which-collection@1.0.2 OK for: which-builtin-type@1.2.1 want: ^1.0.2
948 silly fetch manifest async-function@^1.0.0
949 silly packumentCache full:https://registry.npmjs.org/async-function cache-miss
950 silly fetch manifest generator-function@^2.0.0
951 silly packumentCache full:https://registry.npmjs.org/generator-function cache-miss
952 silly fetch manifest is-map@^2.0.3
953 silly packumentCache full:https://registry.npmjs.org/is-map cache-miss
954 http fetch GET 200 https://registry.npmjs.org/async-function 93ms (cache miss)
955 silly packumentCache full:https://registry.npmjs.org/async-function set size:undefined disposed:false
956 silly fetch manifest is-weakmap@^2.0.2
957 silly packumentCache full:https://registry.npmjs.org/is-weakmap cache-miss
958 http fetch GET 200 https://registry.npmjs.org/generator-function 94ms (cache miss)
959 silly packumentCache full:https://registry.npmjs.org/generator-function set size:undefined disposed:false
960 silly fetch manifest is-weakset@^2.0.3
961 silly packumentCache full:https://registry.npmjs.org/is-weakset cache-miss
962 http fetch GET 200 https://registry.npmjs.org/is-map 97ms (cache miss)
963 silly packumentCache full:https://registry.npmjs.org/is-map set size:undefined disposed:false
964 http fetch GET 200 https://registry.npmjs.org/is-weakset 81ms (cache miss)
965 silly packumentCache full:https://registry.npmjs.org/is-weakset set size:undefined disposed:false
966 http fetch GET 200 https://registry.npmjs.org/is-weakmap 87ms (cache miss)
967 silly packumentCache full:https://registry.npmjs.org/is-weakmap set size:undefined disposed:false
968 silly placeDep ROOT async-function@1.0.0 OK for: is-async-function@2.1.1 want: ^1.0.0
969 silly placeDep ROOT generator-function@2.0.1 OK for: is-generator-function@1.1.2 want: ^2.0.0
970 silly placeDep ROOT is-map@2.0.3 OK for: which-collection@1.0.2 want: ^2.0.3
971 silly placeDep ROOT is-weakmap@2.0.2 OK for: which-collection@1.0.2 want: ^2.0.2
972 silly placeDep ROOT is-weakset@2.0.4 OK for: which-collection@1.0.2 want: ^2.0.3
973 silly placeDep ROOT psl@1.15.0 OK for: tough-cookie@4.1.4 want: ^1.1.33
974 silly placeDep ROOT universalify@0.2.0 OK for: tough-cookie@4.1.4 want: ^0.2.0
975 silly placeDep ROOT url-parse@1.5.10 OK for: tough-cookie@4.1.4 want: ^1.5.3
976 silly fetch manifest querystringify@^2.1.1
977 silly packumentCache full:https://registry.npmjs.org/querystringify cache-miss
978 silly fetch manifest requires-port@^1.0.0
979 silly packumentCache full:https://registry.npmjs.org/requires-port cache-miss
980 http fetch GET 200 https://registry.npmjs.org/requires-port 85ms (cache miss)
981 silly packumentCache full:https://registry.npmjs.org/requires-port set size:undefined disposed:false
982 http fetch GET 200 https://registry.npmjs.org/querystringify 92ms (cache miss)
983 silly packumentCache full:https://registry.npmjs.org/querystringify set size:undefined disposed:false
984 silly placeDep ROOT querystringify@2.2.0 OK for: url-parse@1.5.10 want: ^2.1.1
985 silly placeDep ROOT requires-port@1.0.0 OK for: url-parse@1.5.10 want: ^1.0.0
986 silly placeDep node_modules/node-telegram-bot-api ms@2.1.3 OK for: debug@3.2.7 want: ^2.1.1
987 silly placeDep node_modules/request jsprim@1.4.2 OK for: http-signature@1.2.0 want: ^1.2.2
988 silly placeDep node_modules/socks-proxy-agent ms@2.1.3 OK for: debug@4.4.3 want: ^2.1.3
989 silly reify moves {}
990 http cache requires-port@https://registry.npmjs.org/requires-port/-/requires-port-1.0.0.tgz 0ms (cache hit)
991 http cache querystringify@https://registry.npmjs.org/querystringify/-/querystringify-2.2.0.tgz 0ms (cache hit)
992 http cache url-parse@https://registry.npmjs.org/url-parse/-/url-parse-1.5.10.tgz 0ms (cache hit)
993 http cache psl@https://registry.npmjs.org/psl/-/psl-1.15.0.tgz 0ms (cache hit)
994 http cache universalify@https://registry.npmjs.org/universalify/-/universalify-0.2.0.tgz 0ms (cache hit)
995 http cache is-weakset@https://registry.npmjs.org/is-weakset/-/is-weakset-2.0.4.tgz 0ms (cache hit)
996 http cache is-weakmap@https://registry.npmjs.org/is-weakmap/-/is-weakmap-2.0.2.tgz 0ms (cache hit)
997 http cache is-map@https://registry.npmjs.org/is-map/-/is-map-2.0.3.tgz 0ms (cache hit)
998 http cache generator-function@https://registry.npmjs.org/generator-function/-/generator-function-2.0.1.tgz 1ms (cache hit)
999 http cache async-function@https://registry.npmjs.org/async-function/-/async-function-1.0.0.tgz 0ms (cache hit)
1000 http cache which-collection@https://registry.npmjs.org/which-collection/-/which-collection-1.0.2.tgz 0ms (cache hit)
1001 http cache is-generator-function@https://registry.npmjs.org/is-generator-function/-/is-generator-function-1.1.2.tgz 0ms (cache hit)
1002 http cache is-finalizationregistry@https://registry.npmjs.org/is-finalizationregistry/-/is-finalizationregistry-1.1.1.tgz 0ms (cache hit)
1003 http cache is-async-function@https://registry.npmjs.org/is-async-function/-/is-async-function-2.1.1.tgz 0ms (cache hit)
1004 http cache is-number-object@https://registry.npmjs.org/is-number-object/-/is-number-object-1.1.1.tgz 0ms (cache hit)
1005 http cache is-boolean-object@https://registry.npmjs.org/is-boolean-object/-/is-boolean-object-1.2.2.tgz 0ms (cache hit)
1006 http cache is-bigint@https://registry.npmjs.org/is-bigint/-/is-bigint-1.1.0.tgz 0ms (cache hit)
1007 http cache punycode@https://registry.npmjs.org/punycode/-/punycode-2.3.1.tgz 0ms (cache hit)
1008 http cache which-boxed-primitive@https://registry.npmjs.org/which-boxed-primitive/-/which-boxed-primitive-1.1.1.tgz 0ms (cache hit)
1009 http cache has-bigints@https://registry.npmjs.org/has-bigints/-/has-bigints-1.1.0.tgz 0ms (cache hit)
1010 http cache which-builtin-type@https://registry.npmjs.org/which-builtin-type/-/which-builtin-type-1.2.1.tgz 0ms (cache hit)
1011 http cache reflect.getprototypeof@https://registry.npmjs.org/reflect.getprototypeof/-/reflect.getprototypeof-1.0.10.tgz 0ms (cache hit)
1012 http cache for-each@https://registry.npmjs.org/for-each/-/for-each-0.3.5.tgz 0ms (cache hit)
1013 http cache tldts-core@https://registry.npmjs.org/tldts-core/-/tldts-core-6.1.86.tgz 0ms (cache hit)
1014 http cache tldts@https://registry.npmjs.org/tldts/-/tldts-6.1.86.tgz 0ms (cache hit)
1015 http cache tweetnacl@https://registry.npmjs.org/tweetnacl/-/tweetnacl-0.14.5.tgz 0ms (cache hit)
1016 http cache jsbn@https://registry.npmjs.org/jsbn/-/jsbn-0.1.1.tgz 0ms (cache hit)
1017 http cache getpass@https://registry.npmjs.org/getpass/-/getpass-0.1.7.tgz 0ms (cache hit)
1018 http cache ecc-jsbn@https://registry.npmjs.org/ecc-jsbn/-/ecc-jsbn-0.1.2.tgz 0ms (cache hit)
1019 http cache dashdash@https://registry.npmjs.org/dashdash/-/dashdash-1.14.1.tgz 0ms (cache hit)
1020 http cache bcrypt-pbkdf@https://registry.npmjs.org/bcrypt-pbkdf/-/bcrypt-pbkdf-1.0.2.tgz 0ms (cache hit)
1021 http cache asn1@https://registry.npmjs.org/asn1/-/asn1-0.2.6.tgz 0ms (cache hit)
1022 http cache smart-buffer@https://registry.npmjs.org/smart-buffer/-/smart-buffer-4.2.0.tgz 0ms (cache hit)
1023 http cache ip-address@https://registry.npmjs.org/ip-address/-/ip-address-10.2.0.tgz 0ms (cache hit)
1024 http cache socks@https://registry.npmjs.org/socks/-/socks-2.8.9.tgz 0ms (cache hit)
1025 http cache agent-base@https://registry.npmjs.org/agent-base/-/agent-base-7.1.4.tgz 0ms (cache hit)
1026 http cache side-channel-weakmap@https://registry.npmjs.org/side-channel-weakmap/-/side-channel-weakmap-1.0.2.tgz 0ms (cache hit)
1027 http cache side-channel-map@https://registry.npmjs.org/side-channel-map/-/side-channel-map-1.0.1.tgz 0ms (cache hit)
1028 http cache side-channel-list@https://registry.npmjs.org/side-channel-list/-/side-channel-list-1.0.1.tgz 0ms (cache hit)
1029 http cache lodash@https://registry.npmjs.org/lodash/-/lodash-4.18.1.tgz 0ms (cache hit)
1030 http cache uri-js@https://registry.npmjs.org/uri-js/-/uri-js-4.4.1.tgz 0ms (cache hit)
1031 http cache fast-json-stable-stringify@https://registry.npmjs.org/fast-json-stable-stringify/-/fast-json-stable-stringify-2.1.0.tgz 0ms (cache hit)
1032 http cache fast-deep-equal@https://registry.npmjs.org/fast-deep-equal/-/fast-deep-equal-3.1.3.tgz 0ms (cache hit)
1033 http cache ajv@https://registry.npmjs.org/ajv/-/ajv-6.15.0.tgz 0ms (cache hit)
1034 http cache oauth-sign@https://registry.npmjs.org/oauth-sign/-/oauth-sign-0.9.0.tgz 0ms (cache hit)
1035 http cache har-validator@https://registry.npmjs.org/har-validator/-/har-validator-5.1.5.tgz 0ms (cache hit)
1036 http cache set-function-name@https://registry.npmjs.org/set-function-name/-/set-function-name-2.0.2.tgz 0ms (cache hit)
1037 http cache util-deprecate@https://registry.npmjs.org/util-deprecate/-/util-deprecate-1.0.2.tgz 0ms (cache hit)
1038 http cache json-schema-traverse@https://registry.npmjs.org/json-schema-traverse/-/json-schema-traverse-0.4.1.tgz 0ms (cache hit)
1039 http cache process-nextick-args@https://registry.npmjs.org/process-nextick-args/-/process-nextick-args-2.0.1.tgz 0ms (cache hit)
1040 http cache har-schema@https://registry.npmjs.org/har-schema/-/har-schema-2.0.0.tgz 0ms (cache hit)
1041 http cache isarray@https://registry.npmjs.org/isarray/-/isarray-1.0.0.tgz 0ms (cache hit)
1042 http cache core-util-is@https://registry.npmjs.org/core-util-is/-/core-util-is-1.0.3.tgz 0ms (cache hit)
1043 http cache string_decoder@https://registry.npmjs.org/string_decoder/-/string_decoder-1.1.1.tgz 0ms (cache hit)
1044 http cache wrappy@https://registry.npmjs.org/wrappy/-/wrappy-1.0.2.tgz 0ms (cache hit)
1045 http cache once@https://registry.npmjs.org/once/-/once-1.4.0.tgz 0ms (cache hit)
1046 http cache end-of-stream@https://registry.npmjs.org/end-of-stream/-/end-of-stream-1.4.5.tgz 0ms (cache hit)
1047 http cache verror@https://registry.npmjs.org/verror/-/verror-1.10.0.tgz 0ms (cache hit)
1048 http cache json-schema@https://registry.npmjs.org/json-schema/-/json-schema-0.4.0.tgz 0ms (cache hit)
1049 http cache extsprintf@https://registry.npmjs.org/extsprintf/-/extsprintf-1.3.0.tgz 0ms (cache hit)
1050 http cache side-channel@https://registry.npmjs.org/side-channel/-/side-channel-1.1.0.tgz 0ms (cache hit)
1051 http cache sshpk@https://registry.npmjs.org/sshpk/-/sshpk-1.18.0.tgz 0ms (cache hit)
1052 http cache jsprim@https://registry.npmjs.org/jsprim/-/jsprim-2.0.2.tgz 0ms (cache hit)
1053 http cache assert-plus@https://registry.npmjs.org/assert-plus/-/assert-plus-1.0.0.tgz 0ms (cache hit)
1054 http cache dunder-proto@https://registry.npmjs.org/dunder-proto/-/dunder-proto-1.0.1.tgz 0ms (cache hit)
1055 http cache functions-have-names@https://registry.npmjs.org/functions-have-names/-/functions-have-names-1.2.3.tgz 0ms (cache hit)
1056 http cache asynckit@https://registry.npmjs.org/asynckit/-/asynckit-0.4.0.tgz 0ms (cache hit)
1057 http cache is-symbol@https://registry.npmjs.org/is-symbol/-/is-symbol-1.1.1.tgz 0ms (cache hit)
1058 http cache is-date-object@https://registry.npmjs.org/is-date-object/-/is-date-object-1.1.0.tgz 0ms (cache hit)
1059 http cache has-tostringtag@https://registry.npmjs.org/has-tostringtag/-/has-tostringtag-1.0.2.tgz 0ms (cache hit)
1060 http cache possible-typed-array-names@https://registry.npmjs.org/possible-typed-array-names/-/possible-typed-array-names-1.1.0.tgz 0ms (cache hit)
1061 http cache which-typed-array@https://registry.npmjs.org/which-typed-array/-/which-typed-array-1.1.21.tgz 0ms (cache hit)
1062 http cache unbox-primitive@https://registry.npmjs.org/unbox-primitive/-/unbox-primitive-1.1.0.tgz 0ms (cache hit)
1063 http cache typed-array-length@https://registry.npmjs.org/typed-array-length/-/typed-array-length-1.0.8.tgz 0ms (cache hit)
1064 http cache typed-array-byte-offset@https://registry.npmjs.org/typed-array-byte-offset/-/typed-array-byte-offset-1.0.4.tgz 0ms (cache hit)
1065 http cache typed-array-byte-length@https://registry.npmjs.org/typed-array-byte-length/-/typed-array-byte-length-1.0.3.tgz 0ms (cache hit)
1066 http cache typed-array-buffer@https://registry.npmjs.org/typed-array-buffer/-/typed-array-buffer-1.0.3.tgz 0ms (cache hit)
1067 http cache string.prototype.trimstart@https://registry.npmjs.org/string.prototype.trimstart/-/string.prototype.trimstart-1.0.8.tgz 0ms (cache hit)
1068 http cache string.prototype.trimend@https://registry.npmjs.org/string.prototype.trimend/-/string.prototype.trimend-1.0.9.tgz 0ms (cache hit)
1069 http cache string.prototype.trim@https://registry.npmjs.org/string.prototype.trim/-/string.prototype.trim-1.2.10.tgz 0ms (cache hit)
1070 http cache stop-iteration-iterator@https://registry.npmjs.org/stop-iteration-iterator/-/stop-iteration-iterator-1.1.0.tgz 0ms (cache hit)
1071 http cache set-proto@https://registry.npmjs.org/set-proto/-/set-proto-1.0.0.tgz 0ms (cache hit)
1072 http cache safe-regex-test@https://registry.npmjs.org/safe-regex-test/-/safe-regex-test-1.1.0.tgz 0ms (cache hit)
1073 http cache safe-push-apply@https://registry.npmjs.org/safe-push-apply/-/safe-push-apply-1.0.0.tgz 0ms (cache hit)
1074 http cache safe-array-concat@https://registry.npmjs.org/safe-array-concat/-/safe-array-concat-1.1.4.tgz 0ms (cache hit)
1075 http cache regexp.prototype.flags@https://registry.npmjs.org/regexp.prototype.flags/-/regexp.prototype.flags-1.5.4.tgz 0ms (cache hit)
1076 http cache own-keys@https://registry.npmjs.org/own-keys/-/own-keys-1.0.1.tgz 0ms (cache hit)
1077 http cache object.assign@https://registry.npmjs.org/object.assign/-/object.assign-4.1.7.tgz 0ms (cache hit)
1078 http cache object-inspect@https://registry.npmjs.org/object-inspect/-/object-inspect-1.13.4.tgz 0ms (cache hit)
1079 http cache math-intrinsics@https://registry.npmjs.org/math-intrinsics/-/math-intrinsics-1.1.0.tgz 0ms (cache hit)
1080 http cache is-weakref@https://registry.npmjs.org/is-weakref/-/is-weakref-1.1.1.tgz 0ms (cache hit)
1081 http cache is-typed-array@https://registry.npmjs.org/is-typed-array/-/is-typed-array-1.1.15.tgz 0ms (cache hit)
1082 http cache is-string@https://registry.npmjs.org/is-string/-/is-string-1.1.1.tgz 0ms (cache hit)
1083 http cache is-shared-array-buffer@https://registry.npmjs.org/is-shared-array-buffer/-/is-shared-array-buffer-1.0.4.tgz 0ms (cache hit)
1084 http cache is-set@https://registry.npmjs.org/is-set/-/is-set-2.0.3.tgz 0ms (cache hit)
1085 http cache is-regex@https://registry.npmjs.org/is-regex/-/is-regex-1.2.1.tgz 0ms (cache hit)
1086 http cache is-negative-zero@https://registry.npmjs.org/is-negative-zero/-/is-negative-zero-2.0.3.tgz 0ms (cache hit)
1087 http cache is-data-view@https://registry.npmjs.org/is-data-view/-/is-data-view-1.0.2.tgz 0ms (cache hit)
1088 http cache is-callable@https://registry.npmjs.org/is-callable/-/is-callable-1.2.7.tgz 0ms (cache hit)
1089 http cache is-array-buffer@https://registry.npmjs.org/is-array-buffer/-/is-array-buffer-3.0.5.tgz 0ms (cache hit)
1090 http cache internal-slot@https://registry.npmjs.org/internal-slot/-/internal-slot-1.1.0.tgz 0ms (cache hit)
1091 http cache hasown@https://registry.npmjs.org/hasown/-/hasown-2.0.4.tgz 0ms (cache hit)
1092 http cache has-symbols@https://registry.npmjs.org/has-symbols/-/has-symbols-1.1.0.tgz 0ms (cache hit)
1093 http cache has-proto@https://registry.npmjs.org/has-proto/-/has-proto-1.2.0.tgz 0ms (cache hit)
1094 http cache globalthis@https://registry.npmjs.org/globalthis/-/globalthis-1.0.4.tgz 0ms (cache hit)
1095 http cache get-symbol-description@https://registry.npmjs.org/get-symbol-description/-/get-symbol-description-1.1.0.tgz 0ms (cache hit)
1096 http cache get-proto@https://registry.npmjs.org/get-proto/-/get-proto-1.0.1.tgz 0ms (cache hit)
1097 http cache function.prototype.name@https://registry.npmjs.org/function.prototype.name/-/function.prototype.name-1.1.8.tgz 0ms (cache hit)
1098 http cache es-to-primitive@https://registry.npmjs.org/es-to-primitive/-/es-to-primitive-1.3.0.tgz 0ms (cache hit)
1099 http cache es-set-tostringtag@https://registry.npmjs.org/es-set-tostringtag/-/es-set-tostringtag-2.1.0.tgz 0ms (cache hit)
1100 http cache data-view-byte-offset@https://registry.npmjs.org/data-view-byte-offset/-/data-view-byte-offset-1.0.1.tgz 0ms (cache hit)
1101 http cache data-view-byte-length@https://registry.npmjs.org/data-view-byte-length/-/data-view-byte-length-1.0.2.tgz 0ms (cache hit)
1102 http cache data-view-buffer@https://registry.npmjs.org/data-view-buffer/-/data-view-buffer-1.0.2.tgz 0ms (cache hit)
1103 http cache available-typed-arrays@https://registry.npmjs.org/available-typed-arrays/-/available-typed-arrays-1.0.7.tgz 0ms (cache hit)
1104 http cache arraybuffer.prototype.slice@https://registry.npmjs.org/arraybuffer.prototype.slice/-/arraybuffer.prototype.slice-1.0.4.tgz 0ms (cache hit)
1105 http cache array-buffer-byte-length@https://registry.npmjs.org/array-buffer-byte-length/-/array-buffer-byte-length-1.0.2.tgz 0ms (cache hit)
1106 http cache gopd@https://registry.npmjs.org/gopd/-/gopd-1.2.0.tgz 0ms (cache hit)
1107 http cache object-keys@https://registry.npmjs.org/object-keys/-/object-keys-1.1.1.tgz 0ms (cache hit)
1108 http cache has-property-descriptors@https://registry.npmjs.org/has-property-descriptors/-/has-property-descriptors-1.0.2.tgz 0ms (cache hit)
1109 http cache define-data-property@https://registry.npmjs.org/define-data-property/-/define-data-property-1.1.4.tgz 0ms (cache hit)
1110 http cache delayed-stream@https://registry.npmjs.org/delayed-stream/-/delayed-stream-1.0.0.tgz 0ms (cache hit)
1111 http cache function-bind@https://registry.npmjs.org/function-bind/-/function-bind-1.1.2.tgz 0ms (cache hit)
1112 http cache es-errors@https://registry.npmjs.org/es-errors/-/es-errors-1.3.0.tgz 0ms (cache hit)
1113 http cache set-function-length@https://registry.npmjs.org/set-function-length/-/set-function-length-1.2.2.tgz 0ms (cache hit)
1114 http cache get-intrinsic@https://registry.npmjs.org/get-intrinsic/-/get-intrinsic-1.3.0.tgz 0ms (cache hit)
1115 http cache es-define-property@https://registry.npmjs.org/es-define-property/-/es-define-property-1.0.1.tgz 0ms (cache hit)
1116 http cache call-bind-apply-helpers@https://registry.npmjs.org/call-bind-apply-helpers/-/call-bind-apply-helpers-1.0.2.tgz 0ms (cache hit)
1117 http cache readable-stream@https://registry.npmjs.org/readable-stream/-/readable-stream-2.3.8.tgz 0ms (cache hit)
1118 http cache es-shim-unscopables@https://registry.npmjs.org/es-shim-unscopables/-/es-shim-unscopables-1.1.0.tgz 1ms (cache hit)
1119 http cache es-object-atoms@https://registry.npmjs.org/es-object-atoms/-/es-object-atoms-1.1.2.tgz 0ms (cache hit)
1120 http cache es-abstract@https://registry.npmjs.org/es-abstract/-/es-abstract-1.24.2.tgz 0ms (cache hit)
1121 http cache define-properties@https://registry.npmjs.org/define-properties/-/define-properties-1.2.1.tgz 0ms (cache hit)
1122 http cache call-bound@https://registry.npmjs.org/call-bound/-/call-bound-1.0.4.tgz 0ms (cache hit)
1123 http cache stealthy-require@https://registry.npmjs.org/stealthy-require/-/stealthy-require-1.1.1.tgz 0ms (cache hit)
1124 http cache request@https://registry.npmjs.org/request/-/request-2.88.2.tgz 0ms (cache hit)
1125 http cache request-promise-core@https://registry.npmjs.org/request-promise-core/-/request-promise-core-1.1.3.tgz 0ms (cache hit)
1126 http cache uuid@https://registry.npmjs.org/uuid/-/uuid-8.3.2.tgz 0ms (cache hit)
1127 http cache call-bind@https://registry.npmjs.org/call-bind/-/call-bind-1.0.9.tgz 0ms (cache hit)
1128 http cache tunnel-agent@https://registry.npmjs.org/tunnel-agent/-/tunnel-agent-0.6.0.tgz 0ms (cache hit)
1129 http cache tough-cookie@https://registry.npmjs.org/tough-cookie/-/tough-cookie-5.1.2.tgz 0ms (cache hit)
1130 http cache qs@https://registry.npmjs.org/qs/-/qs-6.14.2.tgz 0ms (cache hit)
1131 http cache performance-now@https://registry.npmjs.org/performance-now/-/performance-now-2.1.0.tgz 0ms (cache hit)
1132 http cache json-stringify-safe@https://registry.npmjs.org/json-stringify-safe/-/json-stringify-safe-5.0.1.tgz 0ms (cache hit)
1133 http cache isstream@https://registry.npmjs.org/isstream/-/isstream-0.1.2.tgz 0ms (cache hit)
1134 http cache is-typedarray@https://registry.npmjs.org/is-typedarray/-/is-typedarray-1.0.0.tgz 0ms (cache hit)
1135 http cache http-signature@https://registry.npmjs.org/http-signature/-/http-signature-1.4.0.tgz 0ms (cache hit)
1136 http cache form-data@https://registry.npmjs.org/form-data/-/form-data-4.0.5.tgz 0ms (cache hit)
1137 http cache forever-agent@https://registry.npmjs.org/forever-agent/-/forever-agent-0.6.1.tgz 0ms (cache hit)
1138 http cache extend@https://registry.npmjs.org/extend/-/extend-3.0.2.tgz 0ms (cache hit)
1139 http cache combined-stream@https://registry.npmjs.org/combined-stream/-/combined-stream-1.0.8.tgz 0ms (cache hit)
1140 http cache caseless@https://registry.npmjs.org/caseless/-/caseless-0.12.0.tgz 0ms (cache hit)
1141 http cache aws4@https://registry.npmjs.org/aws4/-/aws4-1.13.2.tgz 0ms (cache hit)
1142 http cache aws-sign2@https://registry.npmjs.org/aws-sign2/-/aws-sign2-0.7.0.tgz 0ms (cache hit)
1143 http cache pump@https://registry.npmjs.org/pump/-/pump-2.0.1.tgz 0ms (cache hit)
1144 http cache file-type@https://registry.npmjs.org/file-type/-/file-type-3.9.0.tgz 0ms (cache hit)
1145 http cache eventemitter3@https://registry.npmjs.org/eventemitter3/-/eventemitter3-3.1.2.tgz 0ms (cache hit)
1146 http cache bl@https://registry.npmjs.org/bl/-/bl-1.2.3.tgz 0ms (cache hit)
1147 http cache array.prototype.findindex@https://registry.npmjs.org/array.prototype.findindex/-/array.prototype.findindex-2.2.4.tgz 0ms (cache hit)
1148 http cache @cypress/request-promise@https://registry.npmjs.org/@cypress/request-promise/-/request-promise-5.0.0.tgz 0ms (cache hit)
1149 http cache @cypress/request@https://registry.npmjs.org/@cypress/request/-/request-3.0.10.tgz 0ms (cache hit)
1150 http cache socks-proxy-agent@https://registry.npmjs.org/socks-proxy-agent/-/socks-proxy-agent-8.0.5.tgz 0ms (cache hit)
1151 http cache node-telegram-bot-api@https://registry.npmjs.org/node-telegram-bot-api/-/node-telegram-bot-api-0.66.0.tgz 0ms (cache hit)
1152 http cache bluebird@https://registry.npmjs.org/bluebird/-/bluebird-3.7.2.tgz 0ms (cache hit)
1153 http cache node-red-contrib-telegrambot@https://registry.npmjs.org/node-red-contrib-telegrambot/-/node-red-contrib-telegrambot-17.4.12.tgz 0ms (cache hit)
1154 http cache isarray@https://registry.npmjs.org/isarray/-/isarray-2.0.5.tgz 0ms (cache hit)
1155 http cache safe-buffer@https://registry.npmjs.org/safe-buffer/-/safe-buffer-5.1.2.tgz 0ms (cache hit)
1156 http cache isarray@https://registry.npmjs.org/isarray/-/isarray-2.0.5.tgz 0ms (cache hit)
1157 http cache isarray@https://registry.npmjs.org/isarray/-/isarray-2.0.5.tgz 0ms (cache hit)
1158 http cache safe-buffer@https://registry.npmjs.org/safe-buffer/-/safe-buffer-5.1.2.tgz 0ms (cache hit)
1159 http cache jsprim@https://registry.npmjs.org/jsprim/-/jsprim-1.4.2.tgz 0ms (cache hit)
1160 http cache uuid@https://registry.npmjs.org/uuid/-/uuid-3.4.0.tgz 0ms (cache hit)
1161 http cache tough-cookie@https://registry.npmjs.org/tough-cookie/-/tough-cookie-2.5.0.tgz 0ms (cache hit)
1162 http cache qs@https://registry.npmjs.org/qs/-/qs-6.5.5.tgz 0ms (cache hit)
1163 http cache http-signature@https://registry.npmjs.org/http-signature/-/http-signature-1.2.0.tgz 0ms (cache hit)
1164 http cache form-data@https://registry.npmjs.org/form-data/-/form-data-2.3.3.tgz 0ms (cache hit)
1165 http cache tough-cookie@https://registry.npmjs.org/tough-cookie/-/tough-cookie-4.1.4.tgz 0ms (cache hit)
1166 http cache ms@https://registry.npmjs.org/ms/-/ms-2.1.3.tgz 0ms (cache hit)
1167 http cache debug@https://registry.npmjs.org/debug/-/debug-4.4.3.tgz 0ms (cache hit)
1168 http cache ms@https://registry.npmjs.org/ms/-/ms-2.1.3.tgz 0ms (cache hit)
1169 http cache debug@https://registry.npmjs.org/debug/-/debug-3.2.7.tgz 0ms (cache hit)
1170 silly tarball no local data for requires-port@https://registry.npmjs.org/requires-port/-/requires-port-1.0.0.tgz. Extracting by manifest.
1171 silly tarball no local data for querystringify@https://registry.npmjs.org/querystringify/-/querystringify-2.2.0.tgz. Extracting by manifest.
1172 silly tarball no local data for url-parse@https://registry.npmjs.org/url-parse/-/url-parse-1.5.10.tgz. Extracting by manifest.
1173 silly tarball no local data for psl@https://registry.npmjs.org/psl/-/psl-1.15.0.tgz. Extracting by manifest.
1174 silly tarball no local data for universalify@https://registry.npmjs.org/universalify/-/universalify-0.2.0.tgz. Extracting by manifest.
1175 silly tarball no local data for is-weakset@https://registry.npmjs.org/is-weakset/-/is-weakset-2.0.4.tgz. Extracting by manifest.
1176 silly tarball no local data for is-weakmap@https://registry.npmjs.org/is-weakmap/-/is-weakmap-2.0.2.tgz. Extracting by manifest.
1177 silly tarball no local data for is-map@https://registry.npmjs.org/is-map/-/is-map-2.0.3.tgz. Extracting by manifest.
1178 silly tarball no local data for generator-function@https://registry.npmjs.org/generator-function/-/generator-function-2.0.1.tgz. Extracting by manifest.
1179 silly tarball no local data for async-function@https://registry.npmjs.org/async-function/-/async-function-1.0.0.tgz. Extracting by manifest.
1180 silly tarball no local data for which-collection@https://registry.npmjs.org/which-collection/-/which-collection-1.0.2.tgz. Extracting by manifest.
1181 silly tarball no local data for is-generator-function@https://registry.npmjs.org/is-generator-function/-/is-generator-function-1.1.2.tgz. Extracting by manifest.
1182 silly tarball no local data for is-finalizationregistry@https://registry.npmjs.org/is-finalizationregistry/-/is-finalizationregistry-1.1.1.tgz. Extracting by manifest.
1183 silly tarball no local data for is-async-function@https://registry.npmjs.org/is-async-function/-/is-async-function-2.1.1.tgz. Extracting by manifest.
1184 silly tarball no local data for is-number-object@https://registry.npmjs.org/is-number-object/-/is-number-object-1.1.1.tgz. Extracting by manifest.
1185 silly tarball no local data for is-boolean-object@https://registry.npmjs.org/is-boolean-object/-/is-boolean-object-1.2.2.tgz. Extracting by manifest.
1186 silly tarball no local data for is-bigint@https://registry.npmjs.org/is-bigint/-/is-bigint-1.1.0.tgz. Extracting by manifest.
1187 silly tarball no local data for punycode@https://registry.npmjs.org/punycode/-/punycode-2.3.1.tgz. Extracting by manifest.
1188 silly tarball no local data for which-boxed-primitive@https://registry.npmjs.org/which-boxed-primitive/-/which-boxed-primitive-1.1.1.tgz. Extracting by manifest.
1189 silly tarball no local data for has-bigints@https://registry.npmjs.org/has-bigints/-/has-bigints-1.1.0.tgz. Extracting by manifest.
1190 silly tarball no local data for which-builtin-type@https://registry.npmjs.org/which-builtin-type/-/which-builtin-type-1.2.1.tgz. Extracting by manifest.
1191 silly tarball no local data for reflect.getprototypeof@https://registry.npmjs.org/reflect.getprototypeof/-/reflect.getprototypeof-1.0.10.tgz. Extracting by manifest.
1192 silly tarball no local data for for-each@https://registry.npmjs.org/for-each/-/for-each-0.3.5.tgz. Extracting by manifest.
1193 silly tarball no local data for tldts-core@https://registry.npmjs.org/tldts-core/-/tldts-core-6.1.86.tgz. Extracting by manifest.
1194 http cache core-util-is@https://registry.npmjs.org/core-util-is/-/core-util-is-1.0.2.tgz 0ms (cache hit)
1195 silly tarball no local data for tldts@https://registry.npmjs.org/tldts/-/tldts-6.1.86.tgz. Extracting by manifest.
1196 silly tarball no local data for tweetnacl@https://registry.npmjs.org/tweetnacl/-/tweetnacl-0.14.5.tgz. Extracting by manifest.
1197 silly tarball no local data for jsbn@https://registry.npmjs.org/jsbn/-/jsbn-0.1.1.tgz. Extracting by manifest.
1198 silly tarball no local data for getpass@https://registry.npmjs.org/getpass/-/getpass-0.1.7.tgz. Extracting by manifest.
1199 silly tarball no local data for ecc-jsbn@https://registry.npmjs.org/ecc-jsbn/-/ecc-jsbn-0.1.2.tgz. Extracting by manifest.
1200 silly tarball no local data for dashdash@https://registry.npmjs.org/dashdash/-/dashdash-1.14.1.tgz. Extracting by manifest.
1201 silly tarball no local data for bcrypt-pbkdf@https://registry.npmjs.org/bcrypt-pbkdf/-/bcrypt-pbkdf-1.0.2.tgz. Extracting by manifest.
1202 silly tarball no local data for asn1@https://registry.npmjs.org/asn1/-/asn1-0.2.6.tgz. Extracting by manifest.
1203 silly tarball no local data for smart-buffer@https://registry.npmjs.org/smart-buffer/-/smart-buffer-4.2.0.tgz. Extracting by manifest.
1204 silly tarball no local data for ip-address@https://registry.npmjs.org/ip-address/-/ip-address-10.2.0.tgz. Extracting by manifest.
1205 silly tarball no local data for socks@https://registry.npmjs.org/socks/-/socks-2.8.9.tgz. Extracting by manifest.
1206 silly tarball no local data for agent-base@https://registry.npmjs.org/agent-base/-/agent-base-7.1.4.tgz. Extracting by manifest.
1207 silly tarball no local data for side-channel-weakmap@https://registry.npmjs.org/side-channel-weakmap/-/side-channel-weakmap-1.0.2.tgz. Extracting by manifest.
1208 silly tarball no local data for side-channel-map@https://registry.npmjs.org/side-channel-map/-/side-channel-map-1.0.1.tgz. Extracting by manifest.
1209 silly tarball no local data for side-channel-list@https://registry.npmjs.org/side-channel-list/-/side-channel-list-1.0.1.tgz. Extracting by manifest.
1210 silly tarball no local data for lodash@https://registry.npmjs.org/lodash/-/lodash-4.18.1.tgz. Extracting by manifest.
1211 silly tarball no local data for uri-js@https://registry.npmjs.org/uri-js/-/uri-js-4.4.1.tgz. Extracting by manifest.
1212 silly tarball no local data for fast-json-stable-stringify@https://registry.npmjs.org/fast-json-stable-stringify/-/fast-json-stable-stringify-2.1.0.tgz. Extracting by manifest.
1213 silly tarball no local data for fast-deep-equal@https://registry.npmjs.org/fast-deep-equal/-/fast-deep-equal-3.1.3.tgz. Extracting by manifest.
1214 silly tarball no local data for ajv@https://registry.npmjs.org/ajv/-/ajv-6.15.0.tgz. Extracting by manifest.
1215 silly tarball no local data for oauth-sign@https://registry.npmjs.org/oauth-sign/-/oauth-sign-0.9.0.tgz. Extracting by manifest.
1216 silly tarball no local data for har-validator@https://registry.npmjs.org/har-validator/-/har-validator-5.1.5.tgz. Extracting by manifest.
1217 silly tarball no local data for set-function-name@https://registry.npmjs.org/set-function-name/-/set-function-name-2.0.2.tgz. Extracting by manifest.
1218 silly tarball no local data for util-deprecate@https://registry.npmjs.org/util-deprecate/-/util-deprecate-1.0.2.tgz. Extracting by manifest.
1219 silly tarball no local data for json-schema-traverse@https://registry.npmjs.org/json-schema-traverse/-/json-schema-traverse-0.4.1.tgz. Extracting by manifest.
1220 silly tarball no local data for process-nextick-args@https://registry.npmjs.org/process-nextick-args/-/process-nextick-args-2.0.1.tgz. Extracting by manifest.
1221 silly tarball no local data for har-schema@https://registry.npmjs.org/har-schema/-/har-schema-2.0.0.tgz. Extracting by manifest.
1222 silly tarball no local data for isarray@https://registry.npmjs.org/isarray/-/isarray-1.0.0.tgz. Extracting by manifest.
1223 silly tarball no local data for core-util-is@https://registry.npmjs.org/core-util-is/-/core-util-is-1.0.3.tgz. Extracting by manifest.
1224 silly tarball no local data for string_decoder@https://registry.npmjs.org/string_decoder/-/string_decoder-1.1.1.tgz. Extracting by manifest.
1225 silly tarball no local data for wrappy@https://registry.npmjs.org/wrappy/-/wrappy-1.0.2.tgz. Extracting by manifest.
1226 silly tarball no local data for once@https://registry.npmjs.org/once/-/once-1.4.0.tgz. Extracting by manifest.
1227 silly tarball no local data for end-of-stream@https://registry.npmjs.org/end-of-stream/-/end-of-stream-1.4.5.tgz. Extracting by manifest.
1228 silly tarball no local data for verror@https://registry.npmjs.org/verror/-/verror-1.10.0.tgz. Extracting by manifest.
1229 silly tarball no local data for json-schema@https://registry.npmjs.org/json-schema/-/json-schema-0.4.0.tgz. Extracting by manifest.
1230 silly tarball no local data for extsprintf@https://registry.npmjs.org/extsprintf/-/extsprintf-1.3.0.tgz. Extracting by manifest.
1231 silly tarball no local data for side-channel@https://registry.npmjs.org/side-channel/-/side-channel-1.1.0.tgz. Extracting by manifest.
1232 silly tarball no local data for sshpk@https://registry.npmjs.org/sshpk/-/sshpk-1.18.0.tgz. Extracting by manifest.
1233 silly tarball no local data for jsprim@https://registry.npmjs.org/jsprim/-/jsprim-2.0.2.tgz. Extracting by manifest.
1234 silly tarball no local data for assert-plus@https://registry.npmjs.org/assert-plus/-/assert-plus-1.0.0.tgz. Extracting by manifest.
1235 silly tarball no local data for dunder-proto@https://registry.npmjs.org/dunder-proto/-/dunder-proto-1.0.1.tgz. Extracting by manifest.
1236 silly tarball no local data for functions-have-names@https://registry.npmjs.org/functions-have-names/-/functions-have-names-1.2.3.tgz. Extracting by manifest.
1237 silly tarball no local data for asynckit@https://registry.npmjs.org/asynckit/-/asynckit-0.4.0.tgz. Extracting by manifest.
1238 silly tarball no local data for is-symbol@https://registry.npmjs.org/is-symbol/-/is-symbol-1.1.1.tgz. Extracting by manifest.
1239 silly tarball no local data for is-date-object@https://registry.npmjs.org/is-date-object/-/is-date-object-1.1.0.tgz. Extracting by manifest.
1240 silly tarball no local data for has-tostringtag@https://registry.npmjs.org/has-tostringtag/-/has-tostringtag-1.0.2.tgz. Extracting by manifest.
1241 silly tarball no local data for possible-typed-array-names@https://registry.npmjs.org/possible-typed-array-names/-/possible-typed-array-names-1.1.0.tgz. Extracting by manifest.
1242 silly tarball no local data for which-typed-array@https://registry.npmjs.org/which-typed-array/-/which-typed-array-1.1.21.tgz. Extracting by manifest.
1243 silly tarball no local data for unbox-primitive@https://registry.npmjs.org/unbox-primitive/-/unbox-primitive-1.1.0.tgz. Extracting by manifest.
1244 silly tarball no local data for typed-array-length@https://registry.npmjs.org/typed-array-length/-/typed-array-length-1.0.8.tgz. Extracting by manifest.
1245 silly tarball no local data for typed-array-byte-offset@https://registry.npmjs.org/typed-array-byte-offset/-/typed-array-byte-offset-1.0.4.tgz. Extracting by manifest.
1246 silly tarball no local data for typed-array-byte-length@https://registry.npmjs.org/typed-array-byte-length/-/typed-array-byte-length-1.0.3.tgz. Extracting by manifest.
1247 silly tarball no local data for typed-array-buffer@https://registry.npmjs.org/typed-array-buffer/-/typed-array-buffer-1.0.3.tgz. Extracting by manifest.
1248 silly tarball no local data for string.prototype.trimstart@https://registry.npmjs.org/string.prototype.trimstart/-/string.prototype.trimstart-1.0.8.tgz. Extracting by manifest.
1249 silly tarball no local data for string.prototype.trimend@https://registry.npmjs.org/string.prototype.trimend/-/string.prototype.trimend-1.0.9.tgz. Extracting by manifest.
1250 silly tarball no local data for string.prototype.trim@https://registry.npmjs.org/string.prototype.trim/-/string.prototype.trim-1.2.10.tgz. Extracting by manifest.
1251 silly tarball no local data for stop-iteration-iterator@https://registry.npmjs.org/stop-iteration-iterator/-/stop-iteration-iterator-1.1.0.tgz. Extracting by manifest.
1252 silly tarball no local data for set-proto@https://registry.npmjs.org/set-proto/-/set-proto-1.0.0.tgz. Extracting by manifest.
1253 silly tarball no local data for safe-regex-test@https://registry.npmjs.org/safe-regex-test/-/safe-regex-test-1.1.0.tgz. Extracting by manifest.
1254 silly tarball no local data for safe-push-apply@https://registry.npmjs.org/safe-push-apply/-/safe-push-apply-1.0.0.tgz. Extracting by manifest.
1255 silly tarball no local data for safe-array-concat@https://registry.npmjs.org/safe-array-concat/-/safe-array-concat-1.1.4.tgz. Extracting by manifest.
1256 silly tarball no local data for regexp.prototype.flags@https://registry.npmjs.org/regexp.prototype.flags/-/regexp.prototype.flags-1.5.4.tgz. Extracting by manifest.
1257 silly tarball no local data for own-keys@https://registry.npmjs.org/own-keys/-/own-keys-1.0.1.tgz. Extracting by manifest.
1258 silly tarball no local data for object.assign@https://registry.npmjs.org/object.assign/-/object.assign-4.1.7.tgz. Extracting by manifest.
1259 silly tarball no local data for object-inspect@https://registry.npmjs.org/object-inspect/-/object-inspect-1.13.4.tgz. Extracting by manifest.
1260 silly tarball no local data for math-intrinsics@https://registry.npmjs.org/math-intrinsics/-/math-intrinsics-1.1.0.tgz. Extracting by manifest.
1261 silly tarball no local data for is-weakref@https://registry.npmjs.org/is-weakref/-/is-weakref-1.1.1.tgz. Extracting by manifest.
1262 silly tarball no local data for is-typed-array@https://registry.npmjs.org/is-typed-array/-/is-typed-array-1.1.15.tgz. Extracting by manifest.
1263 silly tarball no local data for is-string@https://registry.npmjs.org/is-string/-/is-string-1.1.1.tgz. Extracting by manifest.
1264 silly tarball no local data for is-shared-array-buffer@https://registry.npmjs.org/is-shared-array-buffer/-/is-shared-array-buffer-1.0.4.tgz. Extracting by manifest.
1265 silly tarball no local data for is-set@https://registry.npmjs.org/is-set/-/is-set-2.0.3.tgz. Extracting by manifest.
1266 silly tarball no local data for is-regex@https://registry.npmjs.org/is-regex/-/is-regex-1.2.1.tgz. Extracting by manifest.
1267 silly tarball no local data for is-negative-zero@https://registry.npmjs.org/is-negative-zero/-/is-negative-zero-2.0.3.tgz. Extracting by manifest.
1268 silly tarball no local data for is-data-view@https://registry.npmjs.org/is-data-view/-/is-data-view-1.0.2.tgz. Extracting by manifest.
1269 silly tarball no local data for is-callable@https://registry.npmjs.org/is-callable/-/is-callable-1.2.7.tgz. Extracting by manifest.
1270 silly tarball no local data for is-array-buffer@https://registry.npmjs.org/is-array-buffer/-/is-array-buffer-3.0.5.tgz. Extracting by manifest.
1271 silly tarball no local data for internal-slot@https://registry.npmjs.org/internal-slot/-/internal-slot-1.1.0.tgz. Extracting by manifest.
1272 silly tarball no local data for hasown@https://registry.npmjs.org/hasown/-/hasown-2.0.4.tgz. Extracting by manifest.
1273 silly tarball no local data for has-symbols@https://registry.npmjs.org/has-symbols/-/has-symbols-1.1.0.tgz. Extracting by manifest.
1274 silly tarball no local data for has-proto@https://registry.npmjs.org/has-proto/-/has-proto-1.2.0.tgz. Extracting by manifest.
1275 silly tarball no local data for globalthis@https://registry.npmjs.org/globalthis/-/globalthis-1.0.4.tgz. Extracting by manifest.
1276 silly tarball no local data for get-symbol-description@https://registry.npmjs.org/get-symbol-description/-/get-symbol-description-1.1.0.tgz. Extracting by manifest.
1277 silly tarball no local data for get-proto@https://registry.npmjs.org/get-proto/-/get-proto-1.0.1.tgz. Extracting by manifest.
1278 silly tarball no local data for function.prototype.name@https://registry.npmjs.org/function.prototype.name/-/function.prototype.name-1.1.8.tgz. Extracting by manifest.
1279 silly tarball no local data for es-to-primitive@https://registry.npmjs.org/es-to-primitive/-/es-to-primitive-1.3.0.tgz. Extracting by manifest.
1280 silly tarball no local data for es-set-tostringtag@https://registry.npmjs.org/es-set-tostringtag/-/es-set-tostringtag-2.1.0.tgz. Extracting by manifest.
1281 silly tarball no local data for data-view-byte-offset@https://registry.npmjs.org/data-view-byte-offset/-/data-view-byte-offset-1.0.1.tgz. Extracting by manifest.
1282 silly tarball no local data for data-view-byte-length@https://registry.npmjs.org/data-view-byte-length/-/data-view-byte-length-1.0.2.tgz. Extracting by manifest.
1283 silly tarball no local data for data-view-buffer@https://registry.npmjs.org/data-view-buffer/-/data-view-buffer-1.0.2.tgz. Extracting by manifest.
1284 silly tarball no local data for available-typed-arrays@https://registry.npmjs.org/available-typed-arrays/-/available-typed-arrays-1.0.7.tgz. Extracting by manifest.
1285 silly tarball no local data for arraybuffer.prototype.slice@https://registry.npmjs.org/arraybuffer.prototype.slice/-/arraybuffer.prototype.slice-1.0.4.tgz. Extracting by manifest.
1286 silly tarball no local data for array-buffer-byte-length@https://registry.npmjs.org/array-buffer-byte-length/-/array-buffer-byte-length-1.0.2.tgz. Extracting by manifest.
1287 silly tarball no local data for gopd@https://registry.npmjs.org/gopd/-/gopd-1.2.0.tgz. Extracting by manifest.
1288 silly tarball no local data for object-keys@https://registry.npmjs.org/object-keys/-/object-keys-1.1.1.tgz. Extracting by manifest.
1289 silly tarball no local data for has-property-descriptors@https://registry.npmjs.org/has-property-descriptors/-/has-property-descriptors-1.0.2.tgz. Extracting by manifest.
1290 silly tarball no local data for define-data-property@https://registry.npmjs.org/define-data-property/-/define-data-property-1.1.4.tgz. Extracting by manifest.
1291 silly tarball no local data for delayed-stream@https://registry.npmjs.org/delayed-stream/-/delayed-stream-1.0.0.tgz. Extracting by manifest.
1292 silly tarball no local data for function-bind@https://registry.npmjs.org/function-bind/-/function-bind-1.1.2.tgz. Extracting by manifest.
1293 silly tarball no local data for es-errors@https://registry.npmjs.org/es-errors/-/es-errors-1.3.0.tgz. Extracting by manifest.
1294 silly tarball no local data for set-function-length@https://registry.npmjs.org/set-function-length/-/set-function-length-1.2.2.tgz. Extracting by manifest.
1295 silly tarball no local data for get-intrinsic@https://registry.npmjs.org/get-intrinsic/-/get-intrinsic-1.3.0.tgz. Extracting by manifest.
1296 silly tarball no local data for es-define-property@https://registry.npmjs.org/es-define-property/-/es-define-property-1.0.1.tgz. Extracting by manifest.
1297 silly tarball no local data for call-bind-apply-helpers@https://registry.npmjs.org/call-bind-apply-helpers/-/call-bind-apply-helpers-1.0.2.tgz. Extracting by manifest.
1298 silly tarball no local data for readable-stream@https://registry.npmjs.org/readable-stream/-/readable-stream-2.3.8.tgz. Extracting by manifest.
1299 silly tarball no local data for es-shim-unscopables@https://registry.npmjs.org/es-shim-unscopables/-/es-shim-unscopables-1.1.0.tgz. Extracting by manifest.
1300 silly tarball no local data for es-object-atoms@https://registry.npmjs.org/es-object-atoms/-/es-object-atoms-1.1.2.tgz. Extracting by manifest.
1301 silly tarball no local data for es-abstract@https://registry.npmjs.org/es-abstract/-/es-abstract-1.24.2.tgz. Extracting by manifest.
1302 silly tarball no local data for define-properties@https://registry.npmjs.org/define-properties/-/define-properties-1.2.1.tgz. Extracting by manifest.
1303 silly tarball no local data for call-bound@https://registry.npmjs.org/call-bound/-/call-bound-1.0.4.tgz. Extracting by manifest.
1304 silly tarball no local data for stealthy-require@https://registry.npmjs.org/stealthy-require/-/stealthy-require-1.1.1.tgz. Extracting by manifest.
1305 silly tarball no local data for request@https://registry.npmjs.org/request/-/request-2.88.2.tgz. Extracting by manifest.
1306 silly tarball no local data for request-promise-core@https://registry.npmjs.org/request-promise-core/-/request-promise-core-1.1.3.tgz. Extracting by manifest.
1307 silly tarball no local data for uuid@https://registry.npmjs.org/uuid/-/uuid-8.3.2.tgz. Extracting by manifest.
1308 silly tarball no local data for call-bind@https://registry.npmjs.org/call-bind/-/call-bind-1.0.9.tgz. Extracting by manifest.
1309 silly tarball no local data for tunnel-agent@https://registry.npmjs.org/tunnel-agent/-/tunnel-agent-0.6.0.tgz. Extracting by manifest.
1310 silly tarball no local data for tough-cookie@https://registry.npmjs.org/tough-cookie/-/tough-cookie-5.1.2.tgz. Extracting by manifest.
1311 silly tarball no local data for qs@https://registry.npmjs.org/qs/-/qs-6.14.2.tgz. Extracting by manifest.
1312 silly tarball no local data for performance-now@https://registry.npmjs.org/performance-now/-/performance-now-2.1.0.tgz. Extracting by manifest.
1313 silly tarball no local data for json-stringify-safe@https://registry.npmjs.org/json-stringify-safe/-/json-stringify-safe-5.0.1.tgz. Extracting by manifest.
1314 silly tarball no local data for isstream@https://registry.npmjs.org/isstream/-/isstream-0.1.2.tgz. Extracting by manifest.
1315 silly tarball no local data for is-typedarray@https://registry.npmjs.org/is-typedarray/-/is-typedarray-1.0.0.tgz. Extracting by manifest.
1316 silly tarball no local data for http-signature@https://registry.npmjs.org/http-signature/-/http-signature-1.4.0.tgz. Extracting by manifest.
1317 silly tarball no local data for form-data@https://registry.npmjs.org/form-data/-/form-data-4.0.5.tgz. Extracting by manifest.
1318 silly tarball no local data for forever-agent@https://registry.npmjs.org/forever-agent/-/forever-agent-0.6.1.tgz. Extracting by manifest.
1319 silly tarball no local data for extend@https://registry.npmjs.org/extend/-/extend-3.0.2.tgz. Extracting by manifest.
1320 silly tarball no local data for combined-stream@https://registry.npmjs.org/combined-stream/-/combined-stream-1.0.8.tgz. Extracting by manifest.
1321 silly tarball no local data for caseless@https://registry.npmjs.org/caseless/-/caseless-0.12.0.tgz. Extracting by manifest.
1322 silly tarball no local data for aws4@https://registry.npmjs.org/aws4/-/aws4-1.13.2.tgz. Extracting by manifest.
1323 silly tarball no local data for aws-sign2@https://registry.npmjs.org/aws-sign2/-/aws-sign2-0.7.0.tgz. Extracting by manifest.
1324 silly tarball no local data for pump@https://registry.npmjs.org/pump/-/pump-2.0.1.tgz. Extracting by manifest.
1325 silly tarball no local data for file-type@https://registry.npmjs.org/file-type/-/file-type-3.9.0.tgz. Extracting by manifest.
1326 silly tarball no local data for eventemitter3@https://registry.npmjs.org/eventemitter3/-/eventemitter3-3.1.2.tgz. Extracting by manifest.
1327 silly tarball no local data for bl@https://registry.npmjs.org/bl/-/bl-1.2.3.tgz. Extracting by manifest.
1328 silly tarball no local data for array.prototype.findindex@https://registry.npmjs.org/array.prototype.findindex/-/array.prototype.findindex-2.2.4.tgz. Extracting by manifest.
1329 silly tarball no local data for @cypress/request-promise@https://registry.npmjs.org/@cypress/request-promise/-/request-promise-5.0.0.tgz. Extracting by manifest.
1330 silly tarball no local data for @cypress/request@https://registry.npmjs.org/@cypress/request/-/request-3.0.10.tgz. Extracting by manifest.
1331 silly tarball no local data for socks-proxy-agent@https://registry.npmjs.org/socks-proxy-agent/-/socks-proxy-agent-8.0.5.tgz. Extracting by manifest.
1332 silly tarball no local data for node-telegram-bot-api@https://registry.npmjs.org/node-telegram-bot-api/-/node-telegram-bot-api-0.66.0.tgz. Extracting by manifest.
1333 silly tarball no local data for bluebird@https://registry.npmjs.org/bluebird/-/bluebird-3.7.2.tgz. Extracting by manifest.
1334 silly tarball no local data for node-red-contrib-telegrambot@https://registry.npmjs.org/node-red-contrib-telegrambot/-/node-red-contrib-telegrambot-17.4.12.tgz. Extracting by manifest.
1335 silly tarball no local data for isarray@https://registry.npmjs.org/isarray/-/isarray-2.0.5.tgz. Extracting by manifest.
1336 silly tarball no local data for safe-buffer@https://registry.npmjs.org/safe-buffer/-/safe-buffer-5.1.2.tgz. Extracting by manifest.
1337 silly tarball no local data for isarray@https://registry.npmjs.org/isarray/-/isarray-2.0.5.tgz. Extracting by manifest.
1338 silly tarball no local data for isarray@https://registry.npmjs.org/isarray/-/isarray-2.0.5.tgz. Extracting by manifest.
1339 silly tarball no local data for safe-buffer@https://registry.npmjs.org/safe-buffer/-/safe-buffer-5.1.2.tgz. Extracting by manifest.
1340 silly tarball no local data for jsprim@https://registry.npmjs.org/jsprim/-/jsprim-1.4.2.tgz. Extracting by manifest.
1341 silly tarball no local data for uuid@https://registry.npmjs.org/uuid/-/uuid-3.4.0.tgz. Extracting by manifest.
1342 silly tarball no local data for tough-cookie@https://registry.npmjs.org/tough-cookie/-/tough-cookie-2.5.0.tgz. Extracting by manifest.
1343 silly tarball no local data for qs@https://registry.npmjs.org/qs/-/qs-6.5.5.tgz. Extracting by manifest.
1344 silly tarball no local data for http-signature@https://registry.npmjs.org/http-signature/-/http-signature-1.2.0.tgz. Extracting by manifest.
1345 silly tarball no local data for form-data@https://registry.npmjs.org/form-data/-/form-data-2.3.3.tgz. Extracting by manifest.
1346 silly tarball no local data for tough-cookie@https://registry.npmjs.org/tough-cookie/-/tough-cookie-4.1.4.tgz. Extracting by manifest.
1347 silly tarball no local data for debug@https://registry.npmjs.org/debug/-/debug-3.2.7.tgz. Extracting by manifest.
1348 silly tarball no local data for core-util-is@https://registry.npmjs.org/core-util-is/-/core-util-is-1.0.2.tgz. Extracting by manifest.
1349 http fetch GET 200 https://registry.npmjs.org/requires-port/-/requires-port-1.0.0.tgz 774ms (cache miss)
1350 http fetch GET 200 https://registry.npmjs.org/querystringify/-/querystringify-2.2.0.tgz 773ms (cache miss)
1351 http fetch GET 200 https://registry.npmjs.org/url-parse/-/url-parse-1.5.10.tgz 866ms (cache miss)
1352 http fetch GET 200 https://registry.npmjs.org/is-boolean-object/-/is-boolean-object-1.2.2.tgz 981ms (cache miss)
1353 http fetch GET 200 https://registry.npmjs.org/has-bigints/-/has-bigints-1.1.0.tgz 1156ms (cache miss)
1354 http fetch GET 200 https://registry.npmjs.org/is-bigint/-/is-bigint-1.1.0.tgz 1169ms (cache miss)
1355 http fetch GET 200 https://registry.npmjs.org/punycode/-/punycode-2.3.1.tgz 1170ms (cache miss)
1356 http fetch GET 200 https://registry.npmjs.org/which-boxed-primitive/-/which-boxed-primitive-1.1.1.tgz 1326ms (cache miss)
1357 http fetch GET 200 https://registry.npmjs.org/which-builtin-type/-/which-builtin-type-1.2.1.tgz 1316ms (cache miss)
1358 http fetch GET 200 https://registry.npmjs.org/reflect.getprototypeof/-/reflect.getprototypeof-1.0.10.tgz 1534ms (cache miss)
1359 http fetch GET 200 https://registry.npmjs.org/for-each/-/for-each-0.3.5.tgz 1593ms (cache miss)
1360 http fetch GET 200 https://registry.npmjs.org/universalify/-/universalify-0.2.0.tgz 1664ms (cache miss)
1361 http fetch GET 200 https://registry.npmjs.org/generator-function/-/generator-function-2.0.1.tgz 1694ms (cache miss)
1362 http fetch GET 200 https://registry.npmjs.org/getpass/-/getpass-0.1.7.tgz 1673ms (cache miss)
1363 http fetch GET 200 https://registry.npmjs.org/async-function/-/async-function-1.0.0.tgz 1739ms (cache miss)
1364 http fetch GET 200 https://registry.npmjs.org/side-channel-map/-/side-channel-map-1.0.1.tgz 1699ms (cache miss)
1365 http fetch GET 200 https://registry.npmjs.org/process-nextick-args/-/process-nextick-args-2.0.1.tgz 1830ms (cache miss)
1366 http fetch GET 200 https://registry.npmjs.org/set-function-name/-/set-function-name-2.0.2.tgz 1895ms (cache miss)
1367 http fetch GET 200 https://registry.npmjs.org/is-weakset/-/is-weakset-2.0.4.tgz 2011ms (cache miss)
1368 http fetch GET 200 https://registry.npmjs.org/util-deprecate/-/util-deprecate-1.0.2.tgz 1946ms (cache miss)
1369 http fetch GET 200 https://registry.npmjs.org/isarray/-/isarray-1.0.0.tgz 1937ms (cache miss)
1370 http fetch GET 200 https://registry.npmjs.org/wrappy/-/wrappy-1.0.2.tgz 1920ms (cache miss)
1371 http fetch GET 200 https://registry.npmjs.org/once/-/once-1.4.0.tgz 1920ms (cache miss)
1372 http fetch GET 200 https://registry.npmjs.org/har-validator/-/har-validator-5.1.5.tgz 2005ms (cache miss)
1373 warn deprecated har-validator@5.1.5: this library is no longer supported
1374 http fetch GET 200 https://registry.npmjs.org/har-schema/-/har-schema-2.0.0.tgz 1999ms (cache miss)
1375 http fetch GET 200 https://registry.npmjs.org/side-channel-weakmap/-/side-channel-weakmap-1.0.2.tgz 2080ms (cache miss)
1376 http fetch GET 200 https://registry.npmjs.org/is-finalizationregistry/-/is-finalizationregistry-1.1.1.tgz 2120ms (cache miss)
1377 http fetch GET 200 https://registry.npmjs.org/is-weakmap/-/is-weakmap-2.0.2.tgz 2132ms (cache miss)
1378 http fetch GET 200 https://registry.npmjs.org/side-channel-list/-/side-channel-list-1.0.1.tgz 2079ms (cache miss)
1379 http fetch GET 200 https://registry.npmjs.org/json-schema-traverse/-/json-schema-traverse-0.4.1.tgz 2066ms (cache miss)
1380 http fetch GET 200 https://registry.npmjs.org/string_decoder/-/string_decoder-1.1.1.tgz 2044ms (cache miss)
1381 http fetch GET 200 https://registry.npmjs.org/end-of-stream/-/end-of-stream-1.4.5.tgz 2042ms (cache miss)
1382 http fetch GET 200 https://registry.npmjs.org/oauth-sign/-/oauth-sign-0.9.0.tgz 2137ms (cache miss)
1383 http fetch GET 200 https://registry.npmjs.org/core-util-is/-/core-util-is-1.0.3.tgz 2113ms (cache miss)
1384 http fetch GET 200 https://registry.npmjs.org/json-schema/-/json-schema-0.4.0.tgz 2106ms (cache miss)
1385 http fetch GET 200 https://registry.npmjs.org/is-number-object/-/is-number-object-1.1.1.tgz 2267ms (cache miss)
1386 http fetch GET 200 https://registry.npmjs.org/is-date-object/-/is-date-object-1.1.0.tgz 2175ms (cache miss)
1387 http fetch GET 200 https://registry.npmjs.org/is-map/-/is-map-2.0.3.tgz 2350ms (cache miss)
1388 http fetch GET 200 https://registry.npmjs.org/which-collection/-/which-collection-1.0.2.tgz 2342ms (cache miss)
1389 http fetch GET 200 https://registry.npmjs.org/jsprim/-/jsprim-2.0.2.tgz 2253ms (cache miss)
1390 http fetch GET 200 https://registry.npmjs.org/unbox-primitive/-/unbox-primitive-1.1.0.tgz 2232ms (cache miss)
1391 http fetch GET 200 https://registry.npmjs.org/tweetnacl/-/tweetnacl-0.14.5.tgz 2369ms (cache miss)
1392 http fetch GET 200 https://registry.npmjs.org/bcrypt-pbkdf/-/bcrypt-pbkdf-1.0.2.tgz 2366ms (cache miss)
1393 http fetch GET 200 https://registry.npmjs.org/fast-deep-equal/-/fast-deep-equal-3.1.3.tgz 2346ms (cache miss)
1394 http fetch GET 200 https://registry.npmjs.org/assert-plus/-/assert-plus-1.0.0.tgz 2308ms (cache miss)
1395 http fetch GET 200 https://registry.npmjs.org/typed-array-byte-length/-/typed-array-byte-length-1.0.3.tgz 2378ms (cache miss)
1396 http fetch GET 200 https://registry.npmjs.org/typed-array-buffer/-/typed-array-buffer-1.0.3.tgz 2377ms (cache miss)
1397 http fetch GET 200 https://registry.npmjs.org/is-symbol/-/is-symbol-1.1.1.tgz 2443ms (cache miss)
1398 http fetch GET 200 https://registry.npmjs.org/which-typed-array/-/which-typed-array-1.1.21.tgz 2476ms (cache miss)
1399 http fetch GET 200 https://registry.npmjs.org/jsbn/-/jsbn-0.1.1.tgz 2566ms (cache miss)
1400 http fetch GET 200 https://registry.npmjs.org/possible-typed-array-names/-/possible-typed-array-names-1.1.0.tgz 2486ms (cache miss)
1401 http fetch GET 200 https://registry.npmjs.org/typed-array-length/-/typed-array-length-1.0.8.tgz 2481ms (cache miss)
1402 http fetch GET 200 https://registry.npmjs.org/set-proto/-/set-proto-1.0.0.tgz 2460ms (cache miss)
1403 http fetch GET 200 https://registry.npmjs.org/is-weakref/-/is-weakref-1.1.1.tgz 2454ms (cache miss)
1404 http fetch GET 200 https://registry.npmjs.org/verror/-/verror-1.10.0.tgz 2576ms (cache miss)
1405 http fetch GET 200 https://registry.npmjs.org/dunder-proto/-/dunder-proto-1.0.1.tgz 2567ms (cache miss)
1406 http fetch GET 200 https://registry.npmjs.org/stop-iteration-iterator/-/stop-iteration-iterator-1.1.0.tgz 2529ms (cache miss)
1407 http fetch GET 200 https://registry.npmjs.org/safe-regex-test/-/safe-regex-test-1.1.0.tgz 2528ms (cache miss)
1408 http fetch GET 200 https://registry.npmjs.org/safe-push-apply/-/safe-push-apply-1.0.0.tgz 2526ms (cache miss)
1409 http fetch GET 200 https://registry.npmjs.org/own-keys/-/own-keys-1.0.1.tgz 2514ms (cache miss)
1410 http fetch GET 200 https://registry.npmjs.org/ecc-jsbn/-/ecc-jsbn-0.1.2.tgz 2667ms (cache miss)
1411 http fetch GET 200 https://registry.npmjs.org/has-proto/-/has-proto-1.2.0.tgz 2533ms (cache miss)
1412 http fetch GET 200 https://registry.npmjs.org/functions-have-names/-/functions-have-names-1.2.3.tgz 2638ms (cache miss)
1413 http fetch GET 200 https://registry.npmjs.org/safe-array-concat/-/safe-array-concat-1.1.4.tgz 2602ms (cache miss)
1414 http fetch GET 200 https://registry.npmjs.org/is-typed-array/-/is-typed-array-1.1.15.tgz 2591ms (cache miss)
1415 http fetch GET 200 https://registry.npmjs.org/is-regex/-/is-regex-1.2.1.tgz 2585ms (cache miss)
1416 http fetch GET 200 https://registry.npmjs.org/is-data-view/-/is-data-view-1.0.2.tgz 2588ms (cache miss)
1417 http fetch GET 200 https://registry.npmjs.org/internal-slot/-/internal-slot-1.1.0.tgz 2586ms (cache miss)
1418 http fetch GET 200 https://registry.npmjs.org/es-set-tostringtag/-/es-set-tostringtag-2.1.0.tgz 2576ms (cache miss)
1419 http fetch GET 200 https://registry.npmjs.org/es-to-primitive/-/es-to-primitive-1.3.0.tgz 2578ms (cache miss)
1420 http fetch GET 200 https://registry.npmjs.org/is-string/-/is-string-1.1.1.tgz 2628ms (cache miss)
1421 http fetch GET 200 https://registry.npmjs.org/is-negative-zero/-/is-negative-zero-2.0.3.tgz 2623ms (cache miss)
1422 http fetch GET 200 https://registry.npmjs.org/data-view-byte-offset/-/data-view-byte-offset-1.0.1.tgz 2606ms (cache miss)
1423 http fetch GET 200 https://registry.npmjs.org/gopd/-/gopd-1.2.0.tgz 2589ms (cache miss)
1424 http fetch GET 200 https://registry.npmjs.org/is-async-function/-/is-async-function-2.1.1.tgz 2805ms (cache miss)
1425 http fetch GET 200 https://registry.npmjs.org/extsprintf/-/extsprintf-1.3.0.tgz 2724ms (cache miss)
1426 http fetch GET 200 https://registry.npmjs.org/is-callable/-/is-callable-1.2.7.tgz 2649ms (cache miss)
1427 http fetch GET 200 https://registry.npmjs.org/hasown/-/hasown-2.0.4.tgz 2645ms (cache miss)
1428 http fetch GET 200 https://registry.npmjs.org/get-symbol-description/-/get-symbol-description-1.1.0.tgz 2645ms (cache miss)
1429 http fetch GET 200 https://registry.npmjs.org/available-typed-arrays/-/available-typed-arrays-1.0.7.tgz 2617ms (cache miss)
1430 http fetch GET 200 https://registry.npmjs.org/es-errors/-/es-errors-1.3.0.tgz 2597ms (cache miss)
1431 http fetch GET 200 https://registry.npmjs.org/side-channel/-/side-channel-1.1.0.tgz 2751ms (cache miss)
1432 http fetch GET 200 https://registry.npmjs.org/array-buffer-byte-length/-/array-buffer-byte-length-1.0.2.tgz 2648ms (cache miss)
1433 http fetch GET 200 https://registry.npmjs.org/has-property-descriptors/-/has-property-descriptors-1.0.2.tgz 2646ms (cache miss)
1434 http fetch GET 200 https://registry.npmjs.org/set-function-length/-/set-function-length-1.2.2.tgz 2631ms (cache miss)
1435 http fetch GET 200 https://registry.npmjs.org/is-generator-function/-/is-generator-function-1.1.2.tgz 2868ms (cache miss)
1436 http fetch GET 200 https://registry.npmjs.org/data-view-buffer/-/data-view-buffer-1.0.2.tgz 2671ms (cache miss)
1437 http fetch GET 200 https://registry.npmjs.org/delayed-stream/-/delayed-stream-1.0.0.tgz 2653ms (cache miss)
1438 http fetch GET 200 https://registry.npmjs.org/es-object-atoms/-/es-object-atoms-1.1.2.tgz 2641ms (cache miss)
1439 http fetch GET 200 https://registry.npmjs.org/dashdash/-/dashdash-1.14.1.tgz 2865ms (cache miss)
1440 http fetch GET 200 https://registry.npmjs.org/get-proto/-/get-proto-1.0.1.tgz 2725ms (cache miss)
1441 http fetch GET 200 https://registry.npmjs.org/object-keys/-/object-keys-1.1.1.tgz 2695ms (cache miss)
1442 http fetch GET 200 https://registry.npmjs.org/define-data-property/-/define-data-property-1.1.4.tgz 2681ms (cache miss)
1443 http fetch GET 200 https://registry.npmjs.org/call-bound/-/call-bound-1.0.4.tgz 2667ms (cache miss)
1444 http fetch GET 200 https://registry.npmjs.org/tunnel-agent/-/tunnel-agent-0.6.0.tgz 2658ms (cache miss)
1445 http fetch GET 200 https://registry.npmjs.org/agent-base/-/agent-base-7.1.4.tgz 2877ms (cache miss)
1446 http fetch GET 200 https://registry.npmjs.org/typed-array-byte-offset/-/typed-array-byte-offset-1.0.4.tgz 2800ms (cache miss)
1447 http fetch GET 200 https://registry.npmjs.org/get-intrinsic/-/get-intrinsic-1.3.0.tgz 2694ms (cache miss)
1448 http fetch GET 200 https://registry.npmjs.org/json-stringify-safe/-/json-stringify-safe-5.0.1.tgz 2660ms (cache miss)
1449 http fetch GET 200 https://registry.npmjs.org/asn1/-/asn1-0.2.6.tgz 2913ms (cache miss)
1450 http fetch GET 200 https://registry.npmjs.org/es-define-property/-/es-define-property-1.0.1.tgz 2726ms (cache miss)
1451 http fetch GET 200 https://registry.npmjs.org/define-properties/-/define-properties-1.2.1.tgz 2721ms (cache miss)
1452 http fetch GET 200 https://registry.npmjs.org/forever-agent/-/forever-agent-0.6.1.tgz 2690ms (cache miss)
1453 http fetch GET 200 https://registry.npmjs.org/pump/-/pump-2.0.1.tgz 2680ms (cache miss)
1454 http fetch GET 200 https://registry.npmjs.org/is-shared-array-buffer/-/is-shared-array-buffer-1.0.4.tgz 2809ms (cache miss)
1455 http fetch GET 200 https://registry.npmjs.org/stealthy-require/-/stealthy-require-1.1.1.tgz 2738ms (cache miss)
1456 http fetch GET 200 https://registry.npmjs.org/es-shim-unscopables/-/es-shim-unscopables-1.1.0.tgz 2744ms (cache miss)
1457 http fetch GET 200 https://registry.npmjs.org/is-typedarray/-/is-typedarray-1.0.0.tgz 2710ms (cache miss)
1458 http fetch GET 200 https://registry.npmjs.org/file-type/-/file-type-3.9.0.tgz 2696ms (cache miss)
1459 http fetch GET 200 https://registry.npmjs.org/array.prototype.findindex/-/array.prototype.findindex-2.2.4.tgz 2691ms (cache miss)
1460 http fetch GET 200 https://registry.npmjs.org/is-array-buffer/-/is-array-buffer-3.0.5.tgz 2817ms (cache miss)
1461 http fetch GET 200 https://registry.npmjs.org/call-bind/-/call-bind-1.0.9.tgz 2745ms (cache miss)
1462 http fetch GET 200 https://registry.npmjs.org/isstream/-/isstream-0.1.2.tgz 2728ms (cache miss)
1463 http fetch GET 200 https://registry.npmjs.org/caseless/-/caseless-0.12.0.tgz 2721ms (cache miss)
1464 http fetch GET 200 https://registry.npmjs.org/combined-stream/-/combined-stream-1.0.8.tgz 2722ms (cache miss)
1465 http fetch GET 200 https://registry.npmjs.org/aws4/-/aws4-1.13.2.tgz 2720ms (cache miss)
1466 http fetch GET 200 https://registry.npmjs.org/request-promise-core/-/request-promise-core-1.1.3.tgz 2778ms (cache miss)
1467 http fetch GET 200 https://registry.npmjs.org/extend/-/extend-3.0.2.tgz 2749ms (cache miss)
1468 http fetch GET 200 https://registry.npmjs.org/bl/-/bl-1.2.3.tgz 2734ms (cache miss)
1469 http fetch GET 200 https://registry.npmjs.org/aws-sign2/-/aws-sign2-0.7.0.tgz 2741ms (cache miss)
1470 http fetch GET 200 https://registry.npmjs.org/has-tostringtag/-/has-tostringtag-1.0.2.tgz 2917ms (cache miss)
1471 http fetch GET 200 https://registry.npmjs.org/@cypress/request-promise/-/request-promise-5.0.0.tgz 2740ms (cache miss)
1472 http fetch GET 200 https://registry.npmjs.org/eventemitter3/-/eventemitter3-3.1.2.tgz 2744ms (cache miss)
1473 http fetch GET 200 https://registry.npmjs.org/isarray/-/isarray-2.0.5.tgz 2733ms (cache miss)
1474 http fetch GET 200 https://registry.npmjs.org/safe-buffer/-/safe-buffer-5.1.2.tgz 2733ms (cache miss)
1475 http fetch GET 200 https://registry.npmjs.org/jsprim/-/jsprim-1.4.2.tgz 2730ms (cache miss)
1476 http fetch GET 200 https://registry.npmjs.org/is-set/-/is-set-2.0.3.tgz 2876ms (cache miss)
1477 http fetch GET 200 https://registry.npmjs.org/function-bind/-/function-bind-1.1.2.tgz 2819ms (cache miss)
1478 http fetch GET 200 https://registry.npmjs.org/string.prototype.trimstart/-/string.prototype.trimstart-1.0.8.tgz 2925ms (cache miss)
1479 http fetch GET 200 https://registry.npmjs.org/regexp.prototype.flags/-/regexp.prototype.flags-1.5.4.tgz 2896ms (cache miss)
1480 http fetch GET 200 https://registry.npmjs.org/globalthis/-/globalthis-1.0.4.tgz 2875ms (cache miss)
1481 http fetch GET 200 https://registry.npmjs.org/data-view-byte-length/-/data-view-byte-length-1.0.2.tgz 2860ms (cache miss)
1482 http fetch GET 200 https://registry.npmjs.org/http-signature/-/http-signature-1.4.0.tgz 2781ms (cache miss)
1483 http fetch GET 200 https://registry.npmjs.org/core-util-is/-/core-util-is-1.0.2.tgz 2654ms (cache miss)
1484 http fetch GET 200 https://registry.npmjs.org/call-bind-apply-helpers/-/call-bind-apply-helpers-1.0.2.tgz 2830ms (cache miss)
1485 http fetch GET 200 https://registry.npmjs.org/isarray/-/isarray-2.0.5.tgz 2769ms (cache miss)
1486 http fetch GET 200 https://registry.npmjs.org/isarray/-/isarray-2.0.5.tgz 2769ms (cache miss)
1487 http fetch GET 200 https://registry.npmjs.org/safe-buffer/-/safe-buffer-5.1.2.tgz 2768ms (cache miss)
1488 http fetch GET 200 https://registry.npmjs.org/fast-json-stable-stringify/-/fast-json-stable-stringify-2.1.0.tgz 3023ms (cache miss)
1489 http fetch GET 200 https://registry.npmjs.org/has-symbols/-/has-symbols-1.1.0.tgz 2901ms (cache miss)
1490 http fetch GET 200 https://registry.npmjs.org/string.prototype.trimend/-/string.prototype.trimend-1.0.9.tgz 2961ms (cache miss)
1491 http fetch GET 200 https://registry.npmjs.org/debug/-/debug-3.2.7.tgz 2759ms (cache miss)
1492 http fetch GET 200 https://registry.npmjs.org/socks-proxy-agent/-/socks-proxy-agent-8.0.5.tgz 2801ms (cache miss)
1493 http fetch GET 200 https://registry.npmjs.org/http-signature/-/http-signature-1.2.0.tgz 2784ms (cache miss)
1494 http fetch GET 200 https://registry.npmjs.org/function.prototype.name/-/function.prototype.name-1.1.8.tgz 2926ms (cache miss)
1495 http fetch GET 200 https://registry.npmjs.org/form-data/-/form-data-4.0.5.tgz 2841ms (cache miss)
1496 http fetch GET 200 https://registry.npmjs.org/string.prototype.trim/-/string.prototype.trim-1.2.10.tgz 2990ms (cache miss)
1497 http fetch GET 200 https://registry.npmjs.org/asynckit/-/asynckit-0.4.0.tgz 3017ms (cache miss)
1498 http fetch GET 200 https://registry.npmjs.org/arraybuffer.prototype.slice/-/arraybuffer.prototype.slice-1.0.4.tgz 2915ms (cache miss)
1499 http fetch GET 200 https://registry.npmjs.org/smart-buffer/-/smart-buffer-4.2.0.tgz 3091ms (cache miss)
1500 http fetch GET 200 https://registry.npmjs.org/form-data/-/form-data-2.3.3.tgz 2806ms (cache miss)
1501 http fetch GET 200 https://registry.npmjs.org/tough-cookie/-/tough-cookie-2.5.0.tgz 2826ms (cache miss)
1502 http fetch GET 200 https://registry.npmjs.org/object.assign/-/object.assign-4.1.7.tgz 2996ms (cache miss)
1503 http fetch GET 200 https://registry.npmjs.org/math-intrinsics/-/math-intrinsics-1.1.0.tgz 3004ms (cache miss)
1504 http fetch GET 200 https://registry.npmjs.org/performance-now/-/performance-now-2.1.0.tgz 2908ms (cache miss)
1505 http fetch GET 200 https://registry.npmjs.org/uuid/-/uuid-3.4.0.tgz 2858ms (cache miss)
1506 warn deprecated uuid@3.4.0: uuid@10 and below is no longer supported.  For ESM codebases, update to uuid@latest.  For CommonJS codebases, use uuid@11 (but be aware this version will likely be deprecated in 2028).
1507 http fetch GET 200 https://registry.npmjs.org/tough-cookie/-/tough-cookie-4.1.4.tgz 2848ms (cache miss)
1508 http fetch GET 200 https://registry.npmjs.org/@cypress/request/-/request-3.0.10.tgz 2890ms (cache miss)
1509 http fetch GET 200 https://registry.npmjs.org/qs/-/qs-6.5.5.tgz 2883ms (cache miss)
1510 http fetch GET 200 https://registry.npmjs.org/request/-/request-2.88.2.tgz 2998ms (cache miss)
1511 warn deprecated request@2.88.2: request has been deprecated, see https://github.com/request/request/issues/3142
1512 http fetch GET 200 https://registry.npmjs.org/readable-stream/-/readable-stream-2.3.8.tgz 3038ms (cache miss)
1513 http fetch GET 200 https://registry.npmjs.org/qs/-/qs-6.14.2.tgz 3028ms (cache miss)
1514 http fetch GET 200 https://registry.npmjs.org/object-inspect/-/object-inspect-1.13.4.tgz 3142ms (cache miss)
1515 http fetch GET 200 https://registry.npmjs.org/psl/-/psl-1.15.0.tgz 3335ms (cache miss)
1516 http fetch GET 200 https://registry.npmjs.org/node-telegram-bot-api/-/node-telegram-bot-api-0.66.0.tgz 3048ms (cache miss)
1517 http fetch GET 200 https://registry.npmjs.org/sshpk/-/sshpk-1.18.0.tgz 3316ms (cache miss)
1518 http fetch GET 200 https://registry.npmjs.org/ip-address/-/ip-address-10.2.0.tgz 3384ms (cache miss)
1519 http fetch GET 200 https://registry.npmjs.org/socks/-/socks-2.8.9.tgz 3393ms (cache miss)
1520 http fetch GET 200 https://registry.npmjs.org/tough-cookie/-/tough-cookie-5.1.2.tgz 3240ms (cache miss)
1521 http fetch GET 200 https://registry.npmjs.org/bluebird/-/bluebird-3.7.2.tgz 3284ms (cache miss)
1522 http fetch GET 200 https://registry.npmjs.org/uri-js/-/uri-js-4.4.1.tgz 3533ms (cache miss)
1523 http fetch GET 200 https://registry.npmjs.org/uuid/-/uuid-8.3.2.tgz 3361ms (cache miss)
1524 warn deprecated uuid@8.3.2: uuid@10 and below is no longer supported.  For ESM codebases, update to uuid@latest.  For CommonJS codebases, use uuid@11 (but be aware this version will likely be deprecated in 2028).
1525 http fetch GET 200 https://registry.npmjs.org/tldts/-/tldts-6.1.86.tgz 3666ms (cache miss)
1526 http fetch GET 200 https://registry.npmjs.org/tldts-core/-/tldts-core-6.1.86.tgz 3703ms (cache miss)
1527 http fetch GET 200 https://registry.npmjs.org/ajv/-/ajv-6.15.0.tgz 3718ms (cache miss)
1528 http fetch GET 200 https://registry.npmjs.org/node-red-contrib-telegrambot/-/node-red-contrib-telegrambot-17.4.12.tgz 3833ms (cache miss)
1529 http fetch GET 200 https://registry.npmjs.org/lodash/-/lodash-4.18.1.tgz 4302ms (cache miss)
1530 http fetch GET 200 https://registry.npmjs.org/es-abstract/-/es-abstract-1.24.2.tgz 4982ms (cache miss)
1531 silly ADD node_modules/requires-port
1532 silly ADD node_modules/querystringify
1533 silly ADD node_modules/url-parse
1534 silly ADD node_modules/universalify
1535 silly ADD node_modules/psl
1536 silly ADD node_modules/is-weakset
1537 silly ADD node_modules/is-weakmap
1538 silly ADD node_modules/is-map
1539 silly ADD node_modules/generator-function
1540 silly ADD node_modules/async-function
1541 silly ADD node_modules/which-collection
1542 silly ADD node_modules/is-generator-function
1543 silly ADD node_modules/is-finalizationregistry
1544 silly ADD node_modules/is-async-function
1545 silly ADD node_modules/is-number-object
1546 silly ADD node_modules/is-boolean-object
1547 silly ADD node_modules/is-bigint
1548 silly ADD node_modules/punycode
1549 silly ADD node_modules/which-boxed-primitive
1550 silly ADD node_modules/has-bigints
1551 silly ADD node_modules/which-builtin-type
1552 silly ADD node_modules/which-builtin-type/node_modules/isarray
1553 silly ADD node_modules/reflect.getprototypeof
1554 silly ADD node_modules/for-each
1555 silly ADD node_modules/tldts-core
1556 silly ADD node_modules/tldts
1557 silly ADD node_modules/tweetnacl
1558 silly ADD node_modules/jsbn
1559 silly ADD node_modules/getpass
1560 silly ADD node_modules/ecc-jsbn
1561 silly ADD node_modules/dashdash
1562 silly ADD node_modules/bcrypt-pbkdf
1563 silly ADD node_modules/asn1
1564 silly ADD node_modules/smart-buffer
1565 silly ADD node_modules/ip-address
1566 silly ADD node_modules/socks
1567 silly ADD node_modules/agent-base
1568 silly ADD node_modules/side-channel-weakmap
1569 silly ADD node_modules/side-channel-map
1570 silly ADD node_modules/side-channel-list
1571 silly ADD node_modules/lodash
1572 silly ADD node_modules/uri-js
1573 silly ADD node_modules/json-schema-traverse
1574 silly ADD node_modules/fast-json-stable-stringify
1575 silly ADD node_modules/fast-deep-equal
1576 silly ADD node_modules/har-schema
1577 silly ADD node_modules/ajv
1578 silly ADD node_modules/oauth-sign
1579 silly ADD node_modules/har-validator
1580 silly ADD node_modules/set-function-name
1581 silly ADD node_modules/util-deprecate
1582 silly ADD node_modules/string_decoder
1583 silly ADD node_modules/string_decoder/node_modules/safe-buffer
1584 silly ADD node_modules/process-nextick-args
1585 silly ADD node_modules/isarray
1586 silly ADD node_modules/core-util-is
1587 silly ADD node_modules/wrappy
1588 silly ADD node_modules/once
1589 silly ADD node_modules/end-of-stream
1590 silly ADD node_modules/verror
1591 silly ADD node_modules/verror/node_modules/core-util-is
1592 silly ADD node_modules/json-schema
1593 silly ADD node_modules/extsprintf
1594 silly ADD node_modules/side-channel
1595 silly ADD node_modules/sshpk
1596 silly ADD node_modules/jsprim
1597 silly ADD node_modules/assert-plus
1598 silly ADD node_modules/dunder-proto
1599 silly ADD node_modules/functions-have-names
1600 silly ADD node_modules/asynckit
1601 silly ADD node_modules/is-symbol
1602 silly ADD node_modules/is-date-object
1603 silly ADD node_modules/has-tostringtag
1604 silly ADD node_modules/possible-typed-array-names
1605 silly ADD node_modules/which-typed-array
1606 silly ADD node_modules/unbox-primitive
1607 silly ADD node_modules/typed-array-length
1608 silly ADD node_modules/typed-array-byte-offset
1609 silly ADD node_modules/typed-array-byte-length
1610 silly ADD node_modules/typed-array-buffer
1611 silly ADD node_modules/string.prototype.trimstart
1612 silly ADD node_modules/string.prototype.trimend
1613 silly ADD node_modules/string.prototype.trim
1614 silly ADD node_modules/stop-iteration-iterator
1615 silly ADD node_modules/set-proto
1616 silly ADD node_modules/safe-regex-test
1617 silly ADD node_modules/safe-push-apply
1618 silly ADD node_modules/safe-push-apply/node_modules/isarray
1619 silly ADD node_modules/safe-array-concat
1620 silly ADD node_modules/safe-array-concat/node_modules/isarray
1621 silly ADD node_modules/regexp.prototype.flags
1622 silly ADD node_modules/own-keys
1623 silly ADD node_modules/object.assign
1624 silly ADD node_modules/object-inspect
1625 silly ADD node_modules/math-intrinsics
1626 silly ADD node_modules/is-weakref
1627 silly ADD node_modules/is-typed-array
1628 silly ADD node_modules/is-string
1629 silly ADD node_modules/is-shared-array-buffer
1630 silly ADD node_modules/is-set
1631 silly ADD node_modules/is-regex
1632 silly ADD node_modules/is-negative-zero
1633 silly ADD node_modules/is-data-view
1634 silly ADD node_modules/is-callable
1635 silly ADD node_modules/is-array-buffer
1636 silly ADD node_modules/internal-slot
1637 silly ADD node_modules/hasown
1638 silly ADD node_modules/has-symbols
1639 silly ADD node_modules/has-proto
1640 silly ADD node_modules/globalthis
1641 silly ADD node_modules/get-symbol-description
1642 silly ADD node_modules/get-proto
1643 silly ADD node_modules/function.prototype.name
1644 silly ADD node_modules/es-to-primitive
1645 silly ADD node_modules/es-set-tostringtag
1646 silly ADD node_modules/data-view-byte-offset
1647 silly ADD node_modules/data-view-byte-length
1648 silly ADD node_modules/data-view-buffer
1649 silly ADD node_modules/available-typed-arrays
1650 silly ADD node_modules/arraybuffer.prototype.slice
1651 silly ADD node_modules/array-buffer-byte-length
1652 silly ADD node_modules/gopd
1653 silly ADD node_modules/object-keys
1654 silly ADD node_modules/has-property-descriptors
1655 silly ADD node_modules/define-data-property
1656 silly ADD node_modules/delayed-stream
1657 silly ADD node_modules/function-bind
1658 silly ADD node_modules/es-errors
1659 silly ADD node_modules/set-function-length
1660 silly ADD node_modules/get-intrinsic
1661 silly ADD node_modules/es-define-property
1662 silly ADD node_modules/call-bind-apply-helpers
1663 silly ADD node_modules/readable-stream
1664 silly ADD node_modules/readable-stream/node_modules/safe-buffer
1665 silly ADD node_modules/es-shim-unscopables
1666 silly ADD node_modules/es-object-atoms
1667 silly ADD node_modules/es-abstract
1668 silly ADD node_modules/define-properties
1669 silly ADD node_modules/call-bound
1670 silly ADD node_modules/call-bind
1671 silly ADD node_modules/stealthy-require
1672 silly ADD node_modules/request
1673 silly ADD node_modules/request/node_modules/jsprim
1674 silly ADD node_modules/request/node_modules/uuid
1675 silly ADD node_modules/request/node_modules/tough-cookie
1676 silly ADD node_modules/request/node_modules/qs
1677 silly ADD node_modules/request/node_modules/http-signature
1678 silly ADD node_modules/request/node_modules/form-data
1679 silly ADD node_modules/request-promise-core
1680 silly ADD node_modules/uuid
1681 silly ADD node_modules/tunnel-agent
1682 silly ADD node_modules/tough-cookie
1683 silly ADD node_modules/qs
1684 silly ADD node_modules/performance-now
1685 silly ADD node_modules/json-stringify-safe
1686 silly ADD node_modules/isstream
1687 silly ADD node_modules/is-typedarray
1688 silly ADD node_modules/http-signature
1689 silly ADD node_modules/form-data
1690 silly ADD node_modules/forever-agent
1691 silly ADD node_modules/extend
1692 silly ADD node_modules/combined-stream
1693 silly ADD node_modules/caseless
1694 silly ADD node_modules/aws4
1695 silly ADD node_modules/aws-sign2
1696 silly ADD node_modules/pump
1697 silly ADD node_modules/file-type
1698 silly ADD node_modules/eventemitter3
1699 silly ADD node_modules/bl
1700 silly ADD node_modules/array.prototype.findindex
1701 silly ADD node_modules/@cypress/request-promise
1702 silly ADD node_modules/@cypress/request-promise/node_modules/tough-cookie
1703 silly ADD node_modules/@cypress/request
1704 silly ADD node_modules/socks-proxy-agent
1705 silly ADD node_modules/socks-proxy-agent/node_modules/ms
1706 silly ADD node_modules/socks-proxy-agent/node_modules/debug
1707 silly ADD node_modules/node-telegram-bot-api
1708 silly ADD node_modules/node-telegram-bot-api/node_modules/ms
1709 silly ADD node_modules/node-telegram-bot-api/node_modules/debug
1710 silly ADD node_modules/bluebird
1711 silly ADD node_modules/node-red-contrib-telegrambot
1712 verbose cwd /data
1713 verbose os Linux 7.0.10-arch1-1
1714 verbose node v20.20.2
1715 verbose npm  v10.9.8
1716 verbose exit 0
1717 info ok
